Nr. (gesamt),Nr. (Staffel),Datum,Kandidaten,Jäger,Zeit bzw. Punkte des Jägers,Finalisten,Geld­summe,Nr. (gesamt) [1][2],Nr. (gesamt)[3],Nr. (gesamt)[4][Anm. 2]
1,1,8. Juli 2012,"Hans Werner Olm, Mariella Ahrens, Ralph Morgenstern, Esther Schweins",Holger Waldenberger,01 Min. 34 Sek.,"Hans Werner, Esther mit 15 Punkten",016.500 €,,,
2,2,15. Juli 2012,"Achim Winter, Erika Berger, Matze Knop, Lilo Wanders",Holger Waldenberger,01 Min. 41 Sek.,"Erika, Matze, Lilo mit 20 Punkten",017.250 €,,,
3,3,22. Juli 2012,"Bernhard Brink, Yasmina Filali, Ulrich Pleitgen, Gabi Decker",Holger Waldenberger,01 Min. 04 Sek.,"Yasmina, Gabi mit 9 Punkten",001.900 €,,,
4,4,29. Juli 2012,"Konrad Stöckel, Ulrike Nasse-Meyfarth, Kristina Bach, Wolfgang Fierek",Holger Waldenberger,05 Punkte,"Ulrike, Kristina mit 16 Punkten",016.500 €,,,
5,5,5. Aug. 2012,"Ingolf Lück, Liz Baffoe, Ingo Naujoks, Eva Habermann",Holger Waldenberger,01 Min. 59 Sek.,"Liz, Ingo mit 10 Punkten",001.400 €,,,
6,6,12. Aug. 2012,"Ulla Kock am Brink, Jorge González, Jon Flemming Olsen, Heide Simonis",Holger Waldenberger,13 Punkte,Jon mit 18 Punkten,001.600 €,,,
7,1,22. Juni 2013,"Hella von Sinnen, Sven Martinek, Mareile Höppner, Bürger Lars Dietrich",Sebastian Jacoby,0 1 Min. 27 Sek.,"Hella, Lars mit 15 Punkten",001.700 €,,,
8,2,24. Juni 2013,"Thomas Hermanns, Muriel Baumeister, Ingo Nommsen, Bärbel Schäfer",Sebastian Klussmann,0 1 Min. 34 Sek.,"Thomas, Muriel mit 11 Punkten",013.600 €,,,
9,3,1. Juli 2013,"Hubertus Meyer-Burckhardt, Lisa Feller, Mario Galla, Ruth Moschner",Sebastian Klussmann,12 Punkte,"Lisa, Mario, Ruth mit 20 Punkten",003.200 €,,,
10,4,6. Juli 2013,"Joe Bausch, Vera Int-Veen, Ingo Appelt, Enie van de Meiklokjes",Sebastian Jacoby,0 1 Min. 03 Sek.,"Joe, Ingo mit 12 Punkten",005.200 €,,,
11,5,8. Juli 2013,"Ralf Schnoor, Sebastian Fietkau, Claudia Bonvie, Olaf Pöschk",Sebastian Jacoby,0 1 Min. 34 Sek.,"Ralf, Sebastian, Claudia mit 14 Punkten",003.600 €,,,
12,6,15. Juli 2013,"Andreas Hoppe, Gesine Cukrowski, Ingo Oschmann, Janin Ullmann",Sebastian Klussmann,0 1 Min. 56 Sek.,"Andreas, Gesine, Ingo mit 15 + 2 Punkten",015.100 €,,,
13,7,22. Juli 2013,"Florian Kroier, Georg Martin, Peter Hahn, Kathrin Herzberg",Sebastian Klussmann,12 Punkte,"Florian, Georg, Peter, Kathrin mit 22 Punkten",014.300 €,,,
14,8,29. Juli 2013,"Barbara Wussow, Dieter Landuris, Miriam Pielhau, Niels Ruf",Sebastian Jacoby,0 1 Min. 56 Sek.,"Barbara, Dieter, Miriam mit 11 + 5 Punkten",004.200 €,,,
XXL 1,S1,2. Aug. 2014,"Grit Boettcher mit Nicole Belstler-Boettcher, Geschwister Hofmann aus Anita Geiger u. Alexandra Hofmann, Ulrike von der Groeben mit Alexander von der Groeben, Peter Lohmeyer mit Leila Klamroth",Sebastian Jacoby,01 Min. 51 Sek.,Peter/Leila mit 11 Punkten,75.000 €,,,
15,01,9. Aug. 2014,"Igor Ullrich, Marcus Straßmann, Martin Bahr, Dr. Bettina Graf",Sebastian Jacoby,01 Min. 11 Sek.,Martin mit 12 + 1 Punkten,00.780 €,,,
16,02,16. Aug. 2014,"Julia Scharf, Oliver Mommsen, Andrea Ballschuh, Tom Gaebel",Sebastian Klussmann,07 Punkte,"Julia, Tom mit 12 + 4 Punkten",01.750 €,,,
17,03,23. Aug. 2014,"Nino Strotzki, Claudia Schneider, Christoph Döring, Harald Tilkes",Sebastian Jacoby,01 Min. 50 Sek.,"Nino, Harald mit 16 + 3 Punkten",02.000 €,,,
18,04,30. Aug. 2014,"Alexander Kaltmeyer, Peter Petry, Oliver Klenz, Barbara Hostalka",Klaus Otto Nagorsnik,01 Min. 28 Sek.,"Alexander, Oliver mit 14 + 3 Punkten",02.800 €,,,
19,05,6. Sep. 2014,"Nina Vorbrodt, Lars Riedel, Marlene Lufen, Tobias Schlegl",Sebastian Klussmann,01 Min. 06 Sek.,Nina mit 11 + 1 Punkten,01.400 €,,,
20,06,20. Sep. 2014,"Jörn Wartberg, Andreas Prien, Christian Vogt, Katja Kümper",Sebastian Jacoby,01 Min. 35 Sek.,"Christian, Katja mit 8 Punkten",02.400 €,,,
21,07,27. Sep. 2014,"Mike Schütte, Manfred Reichard, Annika Fischer, Martin Ehrl",Sebastian Klussmann,12 Punkte,"Mike, Manfred, Annika, Martin mit 18 + 7 Punkten",09.000 €,,,
22,08,25. Okt. 2014,"Marie-Luise Schramm, Veit Stübner, Anna Thalbach, Yared Dibaba",Klaus Otto Nagorsnik,05 Punkte,"Marie-Luise, Anna, Yared mit 17 + 6 Punkten",14.000 €,,,
23,09,1. Nov. 2014,"Anke Tornau, Bernd Schmitz, Veikko Bartel, Annegret Schenkel",Klaus Otto Nagorsnik,15 Punkte,"Anke, Veikko, Annegret mit 16 + 3 Punkten",04.400 €,,,
24,10,29. Nov. 2014,"Loretta Stern, Wolfgang Trepper, Anja Schüte, Antoine Monot, Jr.",Sebastian Klussmann,01 Min. 56 Sek.,Antoine (alle ausgeschieden) mit 10 + 1 Punkten,02.000 €,,,
25,11,6. Apr. 2015,"Sabine Heinrich, Hans-Jochen Wagner, Annabelle Mandeng, Volker Lechtenbrink",Klaus Otto Nagorsnik,01 Min. 07 Sek.,"Hans-Jochen, Volker mit 11 Punkten",02.300 €,,,
26,12,30. Dez. 2014,"Tanja Schumann, Götz Otto, Steffen Hallaschka, Christine Westermann",Sebastian Jacoby,01 Min. 06 Sek.,Christine mit 13 Punkten,40.000 €,,,
27,13,4. Jan. 2015,"Victor Schefé, Kamilla Senjo, Oliver Wnuk, Natalia Wörner",Klaus Otto Nagorsnik,01 Min. 57 Sek.,Victor mit 8 + 1 Punkten,01.200 €,,,
28,14,5. Jan. 2015,"Michael Marji, Gerhard Wendlik, Matthias Thiele, Hanne Weber",Sebastian Jacoby,01 Min. 52 Sek.,"Matthias, Hanne mit 11 + 1 Punkten",01.150 €,,,
29,15,11. Jan. 2015,"Anja Roth, Maxi Arland, Gaby Papenburg, Claude-Oliver Rudolph",Sebastian Klussmann,09 Punkte,Gaby mit 14 + 4 Punkten,01.100 €,,,
30,16,18. Jan. 2015,"Karen Otto, Henrik Malcharek, Dennis Janzen, Kerstin Kaltmeyer",Sebastian Jacoby,01 Min. 39 Sek.,"Karen, Henrik, Dennis, Kerstin mit 20 + 1 Punkten",05.400 €,,,
31,17,25. Jan. 2015,"Patrick Bade, Mario Acquistapace, Swenja Kremer, Benjamin Betka",Klaus Otto Nagorsnik,08 Punkte,"Patrick, Mario, Benjamin mit 17 + 6 Punkten",03.500 €,,,
32,18,16. Feb. 2015,"Jörg Boecker, Melanie Marschke, Norbert König, Tina Ruland",Sebastian Jacoby,01 Min. 10 Sek.,Norbert (alle ausgeschieden) mit 15 + 1 Punkten,02.000 €,,,
,1,18. Mai 2015,"Eva Reif, Marcel Westermann, Theresa Pfitzner, Steffen Schindler",Sebastian Klussmann,01 Min. 52 Sek.,"Marcel, Theresa, Steffen mit 16 Punkten",008.500 €,1.0,,
,2,19. Mai 2015,"Michael Veh-Hölzlein, Jennifer Schwarz, Omid Mouazzen, Andreas Zimmermann",Klaus Otto Nagorsnik,01 Min. 51 Sek. (fehlerlos),"Michael, Andreas mit 11 Punkten",007.000 €,2.0,,
,3,20. Mai 2015,"Yvonne König, Heidrun Wittke, Ralf Alexander Becker, Nico Freitag",Holger Waldenberger,01 Min. 11 Sek.,"Heidrun, Ralf mit 10 + 1 Punkten",005.000 €,3.0,,
,4,21. Mai 2015,"Maximilian Römer, Christian Holthausen, Daniela Müller, Steffen Wellbrock",Sebastian Jacoby,01 Min. 10 Sek.,Daniela mit 14 Punkten,100.000 €,4.0,,
,5,22. Mai 2015,"Matthias Killing, Oliver Mommsen, Ann-Kathrin Kramer, Thomas Hermanns",Sebastian Jacoby,01 Min. 17 Sek.,"Oliver, Ann-Kathrin, Thomas mit 17 Punkten",009.000 €,5.0,,
,6,26. Mai 2015,"Michael Ulle, Tobi Altehenger, Tanja Babeo, Peter Norden",Sebastian Klussmann,11 Punkte,"Michael, Tobi, Tanja, Peter mit 16 + 5 Punkten",011.500 €,6.0,,
,7,27. Mai 2015,"Chris Djuritschek, Stefanie Wehaus, Hans-Joachim Mundschau, Daniel Boden",Klaus Otto Nagorsnik,01 Min. 59 Sek.,"Stefanie, Hans-Joachim mit 18 + 2 Punkten",004.500 €,7.0,,
,8,28. Mai 2015,"Hubertus Meyer, Katja Steenbock, Erdal Yegin, Tobias Möller",Sebastian Klussmann,01 Min. 07 Sek.,"Hubertus, Katja mit 11 + 1 Punkten",007.000 €,8.0,,
,9,29. Mai 2015,"Frank Busemann, Ruth Moschner, Steffen Schroeder, Lilo Wanders",Sebastian Jacoby,14 Punkte,"Ruth, Steffen, Lilo mit 17 + 3 Punkten",005.500 €,9.0,,
,10,1. Juni 2015,"Günter Altenburg, Alberto Flägel, Andreas Barthel, Anna Sievers",Klaus Otto Nagorsnik,01 Min. 28 Sek.,"Alberto, Andreas mit 13 + 2 Punkten",007.500 €,10.0,,
,11,2. Juni 2015,"Christian Prinz, Patrick Söhle, Yasmina Mouazzen, Matthias Bimmermann",Sebastian Klussmann,01 Min. 11 Sek.,"Christian, Patrick mit 13 Punkten",005.000 €,11.0,,
,12,3. Juni 2015,"Arne Pingel, Michael Falkensteiner, Julia Stöckel, Klaus Harm",Sebastian Jacoby,01 Min. 51 Sek.,Julia mit 16 + 2 Punkten,003.000 €,12.0,,
,13,4. Juni 2015,"Markus Neyzen, Dagmar Liß-Korte, Michael Lüer, Fabio Gandolfo",Klaus Otto Nagorsnik,03 Punkte,Michael mit 19 + 7 Punkten,004.500 €,13.0,,
,14,5. Juni 2015,"Peter Lohmeyer, Ivo Semenitsch, Niklas Müller-Hohenstein, Katrin Müller-Hohenstein",Holger Waldenberger,01 Min. 22 Sek.,"Peter, Ivo, Niklas, Katrin mit 15 Punkten",092.500 €,14.0,,
,15,8. Juni 2015,"Dany Rohe, Tobias Schuler, Matthias Lürken, Monika Lüchtefeld",Sebastian Jacoby,11 Punkte,"Dany, Tobias, Matthias mit 15 + 6 Punkten",010.000 €,15.0,,
,16,9. Juni 2015,"Manfred Erdmann, Bianca Rothmann, Daniel Esche, Gloria Viagra",Klaus Otto Nagorsnik,01 Min. 24 Sek.,Manfred mit 13 + 1 Punkten,005.000 €,16.0,,
,17,10. Juni 2015,"André Silberberg, Nils N., Claudia Hennig, Claus Peter Simon",Holger Waldenberger,01 Min. 40 Sek. (fehlerlos),Claus mit 9 Punkten,050.000 €,17.0,,
,18,11. Juni 2015,"Klaus Rizzin, Cornelia Uetrecht, Fabian Haak, Martin Kintrup",Sebastian Klussmann,10 Punkte,"Klaus, Cornelia, Martin mit 16 + 4 Punkten",071.000 €,18.0,,
,19,12. Juni 2015,"Alexander Hermann, Thomas Rupprath, Anna Thalbach, Jörg Thadeusz",Sebastian Jacoby,01 Min. 25 Sek.,"Alexander, Jörg mit 15 + 2 Punkten",015.000 €,19.0,,
,20,15. Juni 2015,"Olaf „Olen“ Walter, Sarah Körth, Rainer Voß, Dietmar Bader",Sebastian Jacoby,01 Min. 51 Sek.,"Sarah, Dietmar mit 18 + 1 Punkten",006.500 €,20.0,,
,21,16. Juni 2015,"André Andersen, Peter Schulze, Claudia ..., Stefan ...",Sebastian Jacoby,01 Min. 58 Sek.,"André, Peter mit 11 + 1 Punkten",005.000 €,21.0,,
,22,17. Juni 2015,"Tobias Busch, Birgit Schütting, Andreas Cornelsen, Anne Neumann",Holger Waldenberger,01 Min. 33 Sek.,"Birgit, Andreas, Anne mit 12 + 2 Punkten",008.500 €,22.0,,
,23,18. Juni 2015,"Marcus Stühn, Beate Brakonier, Nicole Gleitsmann, Reinald Hoffsten",Klaus Otto Nagorsnik,01 Min. 38 Sek.,"Marcus, Nicole, Reinald mit 12 + 3 Punkten",154.000 €,23.0,,
,24,19. Juni 2015,"Alexander Klaws, Michael Stich, Sonja Zietlow, Wigald Boning",Sebastian Jacoby,16 Punkte,"Sonja, Wigald mit 19 + 5 Punkten",006.300 €,24.0,,
,25,22. Juni 2015,"Stefan Becker, Timo Egbringhoff, Benedita Barttels, Bico Lange",Holger Waldenberger,16 Punkte,Stefan mit 19 + 3 Punkten,004.500 €,25.0,,
,26,23. Juni 2015,"Michael Gemeiner, Brigitte Leiwesmeier, Marcus Feuerstein, Andrea Wormsbächer",Sebastian Klussmann,01 Min. 43 Sek.,"Marcus, Andreas mit 16 + 3 Punkten",152.200 €,26.0,,
,27,24. Juni 2015,"Fabian Zahrt, Carmela Sanchez, Thomas Kinne, Monika Vogt",Sebastian Jacoby,14 Punkte,"Fabian, Carmela, Thomas mit 15 + 4 Punkten",037.500 €,27.0,,
,28,26. Juni 2015,"Mareile Höppner, Matthias Opdenhövel, Andrea Kiewel, Steffen Hallaschka",Holger Waldenberger,01 Min. 59 Sek.,Matthias mit 10 Punkten,004.500 €,28.0,,
,29,29. Juni 2015,"Conchita 4711, Klaus Rohde, Tugba Arslan, Robin Schlömer",Sebastian Jacoby,02 Min.,"Conchita, Robin mit 18 Punkten",008.000 €,29.0,,
,30,30. Juni 2015,"Chris Alexandros, Robert Komnick, Zlatka ""Uschi"" Malzburg, Peter Meiners",Klaus Otto Nagorsnik,17 Punkte,"Robert, Peter mit 20 + 1 Punkten",007.500 €,30.0,,
,31,1. Juli 2015,"Sarah Czerwenka, Renke Siefken, Holger Wockenfuß, Stefanie Ginsbach",Holger Waldenberger,01 Min. 08 Sek.,Holger mit 12 Punkten,100.000 €,31.0,,
,32,2. Juli 2015,"Marcel Riepegerste, Ludwig Gebhardt, Tina-Marie Delisa, Steve Brauer",Sebastian Jacoby,01 Min. 48 Sek.,"Marcel, Ludwig, Steve mit 17 + 2 Punkten",005.950 €,32.0,,
,33,3. Juli 2015,"Oliver Wnuk, Miriam Pielhau, Steffen Groth, Johannes Strate",Sebastian Klussmann,01 Min. 20 Sek.,"Oliver, Steffen, Johannes mit 14 Punkten",103.750 €,33.0,,
,01,2. Nov. 2015,"Stefan Poier, Kerstin Klein, Philipp Rottmann, Ernst Jäger-Buschart",Holger Waldenberger,01 Min. 47 Sek.,"Philipp, Ernst mit 20 Punkten",021.000 €,,34,
,02,3. Nov. 2015,"Dino Massimo, Ludwig Wirtz, Anja Boettcher, Susanne Nemetz",Sebastian Klussmann,01 Min. 56 Sek.,"Dino, Anja mit 10 + 1 Punkten",001.900 €,,35,
,03,4. Nov. 2015,"Rolf Mayr, Michelle Ullmann, Mustafa Yalcin, Regina Voßwinkel",Klaus Otto Nagorsnik,01 Min. 36 Sek.,"Rolf, Michelle, Regina mit 12 + 1 Punkten",034.000 €,,36,
,04,5. Nov. 2015,"Max Schautzer, Lucy Diakovska, Johannes Oerding, Marion Kracht",Sebastian Jacoby,01 Min. 36 Sek.,"Max, Lucy mit 13 + 1 Punkten",005.500 €,,37,
,05,6. Nov. 2015,"Dennis Kock, Grażyna Werner, Josef Wagner, Manuela Sommer",Klaus Otto Nagorsnik,01 Min. 34 Sek.,"Dennis, Grażyna, Josef, Manuela mit 15 Punkten",010.900 €,,38,
,06,6. Nov. 2015,"Heike Schwarte, Stefan Brands, Hannah Gröschl, Sascha Sewke",Holger Waldenberger,01 Min. 20 Sek.,"Heike, Sascha mit 15 + 1 Punkten",006.000 €,,39,
,07,9. Nov. 2015,"Sebastian Okrolic, Daniela Debus, Harri Zelazko, Katharina Rappl",Sebastian Klussmann,01 Min. 52 Sek.,"Harri, Katharina mit 13 + 1 Punkten",014.500 €,,40,
,08,10. Nov. 2015,"Norman Grüger, Alfonso De Filippo, Soreya Kerboub, Christoph Wötzel",Sebastian Jacoby,01 Min. 09 Sek.,"Alfonso, Christoph mit 12 Punkten",038.000 €,,41,
,09,11. Nov. 2015,"Klaus Urban, Andrea Demsic, Ingrid Bögel, Benjamin Schwanke",Holger Waldenberger,01 Min. 43 Sek.,"Klaus, Andrea, Ingrid mit 19 Punkten",014.500 €,,42,
,10,12. Nov. 2015,"Mike Krüger, Victoria Herrmann, Winfried Glatzeder, Jessica Kastrop",Sebastian Jacoby,01 Min. 03 Sek.,Mike mit 12 + 1 Punkten,001.999 €,,43,
,11,13. Nov. 2015,"Fanny Fantastic, Martina Keller, Henning Huesing, Katja Michels",Sebastian Jacoby,01 Min. 47 Sek.,"Fanny, Martina mit 18 + 2 Punkten",004.500 €,,44,
,12,13. Nov. 2015,"Sebastian Visser, Anke Luebker, Annegret Jaeger, Ulrich Marre",Sebastian Klussmann,11 Punkte,"Anke, Annegret, Ulrich mit 12 + 3 Punkten",008.000 €,,45,
,13,16. Nov. 2015,"Christiane Loose, Jannik Mathias Hausch, Alexander Schieke, Stefan Gallus",Sebastian Klussmann,01 Min. 07 Sek.,"Christiane, Alexander, Stefan mit 11 Punkten",004.700 €,,46,
,14,17. Nov. 2015,"Steffen Burger, Barbara Boje, Tom Westermann, Rainer Maute",Klaus Otto Nagorsnik,01 Min. 29 Sek.,"Barbara, Rainer mit 12 + 2 Punkten",040.500 €,,47,
,15,18. Nov. 2015,"Andreas Böttcher, Brigitte Kadach, Kevin Scheuren, Anja Tuschwitz",Holger Waldenberger,01 Min. 03 Sek.,Kevin (alle ausgeschieden) mit 14 Punkten,000.500 €,,48,
,16,19. Nov. 2015,"Lisa Feller, Maxi Arland, Thorsten Havener, Nina Bott",Sebastian Klussmann,01 Min. 27 Sek.,"Maxi, Nina mit 13 + 1 Punkten",004.300 €,,49,
,17,20. Nov. 2015,"Michael Seevers, Arzu Kasak, Michel Schmidt, Patrick Zallum",Klaus Otto Nagorsnik,01 Min. 24 Sek.,"Michael, Arzu mit 13 + 1 Punkten",002.450 €,,50,
,18,20. Nov. 2015,"Colin Winterberg, Christine Joura, Eberhard Weißbart, Francisco Corro",Sebastian Klussmann,10 Punkte,"Christine, Francisco mit 15 + 3 Punkten",004.500 €,,51,
,19,23. Nov. 2015,"Rene Tangelder, Biggi Birkner, Michael T. Mältzer, Jens Fischer",Klaus Otto Nagorsnik,01 Min. 58 Sek.,"Rene, Michael, Jens mit 12 + 4 Punkten",006.000 €,,52,
,20,24. Nov. 2015,"Johannes Beutler, Mario Roggow, Kevin Förster, Kerstin Schmitt",Holger Waldenberger,01 Min. 37 Sek.,"Mario, Kevin, Kerstin mit 17 + 1 Punkten",007.500 €,,53,
,21,25. Nov. 2015,"Anette Riepl, Marc Pixa, Niclas Hildebrandt, Eugenie Akinlami",Sebastian Klussmann,09 Punkte,"Anette, Marc, Eugenie mit 15 + 4 Punkten",017.000 €,,54,
,22,30. Nov. 2015,"Uwe Schweigert, Simon Siedlaczek, Elisabeth Gieseler, Volker Klärchen",Sebastian Klussmann,01 Min. 16 Sek.,"Uwe, Elisabeth mit 17 Punkten",051.000 €,,55,
,23,1. Dez. 2015,"Konstantin Georgiadis, Mario Kösslin, Manuela Dilly, Marcel Tratnik",Holger Waldenberger,01 Min. 16 Sek.,Mario mit 14 Punkten,003.300 €,,56,
,24,2. Dez. 2015,"Svenja Darmstädter, Karsten Balzer, Dorothea Nestle, Ben Purrmann",Sebastian Klussmann,01 Min. 26 Sek.,Karsten mit 17 Punkten,050.000 €,,57,
,25,3. Dez. 2015,"Anne-Sophie Briest, Tim Schreder, Jeanette Biedermann, Moritz A. Sachs",Klaus Otto Nagorsnik,01 Min. 05 Sek.,"Jeanette, Moritz mit 12 Punkten",042.400 €,,58,
,26,4. Dez. 2015,"Detlef Temme, Annamaria Schneider, Aleksandar Terzic, Sheila Wolf",Klaus Otto Nagorsnik,12 Punkte,"Aleksandar, Annamaria, Detlef mit 16 + 2 Punkten",027.900 €,,59,
,27,4. Dez. 2015,"Adriano Franz, Michael Köhler, Beatrice Moog-Haasenritter, Jürgen Sperber",Sebastian Jacoby,10 Punkte,Jürgen mit 14 + 3 Punkten,008.000 €,,60,
,28,7. Dez. 2015,"Brigitte Lindschau, Manfred Kiefer, Marion Schulte, Tobias Ebenberger",Sebastian Klussmann,01 Min. 27 Sek.,Manfred mit 15 + 2 Punkten,005.000 €,,61,
,29,8. Dez. 2015,"Peter Hartlapp, Horst Oeltjenbruns, Catarina Wirth, Christian Kylau",Klaus Otto Nagorsnik,01 Min. 40 Sek.,Catarina mit 7 Punkten,003.000 €,,62,
,30,9. Dez. 2015,"Maximilian Mattausch, Susanne Müller, Markus Müller, Helmut Geller",Sebastian Klussmann,01 Min. 30 Sek.,"Markus, Helmut mit 13 + 1 Punkten",005.000 €,,63,
,31,10. Dez. 2015,"Jürgen Milski, Enie van de Meiklokjes, Matthias Steiner, Gayle Tufts",Klaus Otto Nagorsnik,15 Punkte,"Jürgen, Matthias, Gayle mit 17 + 2 Punkten",055.000 €,,64,
,32,11. Dez. 2015,"Osman Kaya, Daniel Bree, Dorit Schick, Hans-Peter Miller",Sebastian Jacoby,01 Min. 32 Sek.,"Osman, Daniel, Dorit, Hans-Peter mit 14 Punkten",011.500 €,,65,
,33,11. Dez. 2015,"Sebastian Köchig, Henriette Schamschula, Kai Scholand, Heike Böcke",Holger Waldenberger,01 Min. 09 Sek.,"Sebastian, Henriette mit 13 Punkten",079.500 €,,66,
,34,14. Dez. 2015,"Frank Seifert, Michael Birth, Mirjam Burgardt, Hans Rutrecht",Klaus Otto Nagorsnik,01 Min. 43 Sek.,"Frank, Michael, Mirjam, Hans mit 13 Punkten",051.004 €,,67,
,35,15. Dez. 2015,"Sebastian Hofbauer, Hans-Dieter Stubben, Jens Seiler, Wilfried Horsch",Sebastian Jacoby,01 Min. 44 Sek.,"Sebastian, Hans-Dieter, Jens, Wilfried mit 16 Punkten",035.500 €,,68,
,36,16. Dez. 2015,"Alexander Stolz, Ilona Köller, Wolfgang Weitkämper, Markus Solty",Holger Waldenberger,19 Punkte,"Alexander, Ilona, Wolfgang, Markus mit 23 + 2 Punkten",087.500 €,,69,
,37,17. Dez. 2015,"Désirée Nick, Timo Dierkes, Heike Henkel, Thorsten Schröder",Sebastian Klussmann,01 Min. 47 Sek.,"Timo, Heike mit 16 Punkten",045.000 €,,70,
,38,18. Dez. 2015,"Katharina Goos, Heiko Premke-Büll, Vroni Sander, Christoph Schlottmann",Klaus Otto Nagorsnik,01 Min. 34 Sek.,"Vroni, Christoph mit 18 Punkten",006.500 €,,71,
,39,18. Dez. 2015,"Sandro Di Natale, Brigitte Müller-Loose, Michael Schummer, Beate Bauer",Sebastian Jacoby,01 Min. 26 Sek.,"Sandro, Brigitte, Beate mit 15 Punkten",023.500 €,,72,
,40,21. Dez. 2015,"David Felsch, Johannes Feindler, Stefanie Giebel, Andreas Rieburg",Klaus Otto Nagorsnik,01 Min. 10 Sek.,"David, Andreas mit 14 Punkten",005.500 €,,73,
,41,22. Dez. 2015,"Katrin Kramer, Rafael Vives, Andrea Tegen, Dennis Schweitzer",Holger Waldenberger,01 Min. 41 Sek.,Andrea mit 19 Punkten,003.500 €,,74,
,42,23. Dez. 2015,"Andreas Ebi Klotz, Cassy Carrington, Barbara Klein, Michael Heyn",Sebastian Jacoby,01 Min. 47 Sek.,"Andreas, Cassy, Barbara mit 15 Punkten",057.000 €,,75,
,43,30. Dez. 2015,"Marco Schreyl, Katy Karrenbauer, Kolja Kleeberg, Isabel Edvardsson",Sebastian Klussmann,16 + 3 Punkte,"Marco, Katy, Kolja, Isabel mit 19 Punkten",072.700 €,,76,
,44,4. Jan. 2016,"Tom Haferkorn, Mandy Juch, Stephan Partsch, Lutz Hartmann",Klaus Otto Nagorsnik,01 Min. 02 Sek.,"Tom, Stephan mit 12 Punkten",005.500 €,,77,
,45,5. Jan. 2016,"Elise van Tastic, Heinrich Steinbach, Christoph Kaltenborn, Dina Dada",Holger Waldenberger,17 Punkte,"Elise, Heinrich, Christoph, Dina mit 21 + 2 Punkten",108.500 €,,78,
,46,7. Jan. 2016,"Susanne Fröhlich, Wolfgang Bahro, Ann Sophie, Dominic Boeer",Sebastian Klussmann,01 Min. 36 Sek.,"Susanne, Wolfgang, Dominic mit 13 Punkten",056.500 €,,79,
,S1,7. Jan. 2016,"Gesine Cukrowski mit Christian Berkel, Dunja Hayali mit Mitri Sirin, Antoine Monot, Jr. mit Steffen Henssler, Nadine Angerer mit Stefan Kretzschmar",Sebastian Jacoby,01 Min. 05 Sek.,"Dunja/Mitri, Nadine/Stefan mit 14 Punkten",011.000 €,,XXL 2,
,47,8. Jan. 2016,"Aische Pervers, Daniel Franzen, Marco Naskowski, Lutz Köhler",Klaus Otto Nagorsnik,12 Punkte,"Daniel, Marco mit 14 Punkten",004.000 €,,80,
,48,8. Jan. 2016,"Nuri Abacilar, Brigitte Blamage, Michael Beckenkamp, Dagmar Lühn",Holger Waldenberger,01 Min. 42 Sek.,Brigitte mit 9 Punkten,003.000 €,,81,
,49,11. Jan. 2016,"Michael Götz-Pijl, Bianca Schlegelberger, Lars Enke, Thomas Rubin",Sebastian Klussmann,09 Punkte,"Michael, Bianca, Thomas mit 15 Punkten",018.000 €,,82,
,50,12. Jan. 2016,"Marcel Borchmann, Deli Safari-Khaledi, Thomas Leskovar, Gianni Jovanovic",Klaus Otto Nagorsnik,01 Min. 47 Sek.,"Deli, Thomas mit 16 Punkten",008.000 €,,83,
,51,13. Jan. 2016,"Benedikt Wetzel, Christa Waller, Stephan Lehmann, Peter Lewerenz",Holger Waldenberger,01 Min. 42 Sek.,"Benedikt, Stephan mit 16 Punkten",008.000 €,,84,
,52,14. Jan. 2016,"Yasmina Filali, Wilson Gonzalez Ochsenknecht, Heinz Rudolf Kunze, Manon Straché",Klaus Otto Nagorsnik,01 Min. 50 Sek.,"Yasmina, Wilson Gonzalez, Heinz Rudolf mit 16 + 2 Punkten",007.000 €,,85,
,53,15. Jan. 2016,"Niklas Other, Rica Schmidt, Jürgen Gomille, Victor Röther",Sebastian Jacoby,15 Punkte,"Niklas, Rica, Jürgen, Victor mit 20 + 5 Punkten",024.000 €,,86,
,54,15. Jan. 2016,"Christian Gläsmann, Marion Buk-Kluger, Manfred Burgard, Daniel Shaltookchi",Holger Waldenberger,01 Min. 43 Sek.,Daniel mit 17 Punkten,002.000 €,,87,
,55,18. Jan. 2016,"Wolfgang Buddeberg, Klaus Boczian, Bärbel Kiy, Karsten Hohage",Sebastian Jacoby,16 Punkte,"Wolfgang, Klaus, Bärbel, Karsten mit 17 Punkten",012.000 €,,88,
,56,19. Jan. 2016,"Nina Queer, Pascal Klösener, Corinna Winko, Gerd Engels",Holger Waldenberger,01 Min. 20 Sek.,Corinna mit 14 + 0 Punkten,003.500 €,,89,
,57,20. Jan. 2016,"Manuel Rühl, Margret Wehning, Sebastian Kolb, Philipp Gantner",Klaus Otto Nagorsnik,11 Punkte,"Margret, Sebastian, Philipp mit 13 Punkten",008.300 €,,90,
,58,21. Jan. 2016,"Guildo Horn, Ulla Kock am Brink, Ingo Appelt, Tine Wittler",Sebastian Jacoby,01 Min. 21 Sek.,Ulla mit 13 Punkten,025.000 €,,91,
,59,22. Jan. 2016,"Wilhelm Geron, Jochen Hoynck, Koko Gieseler, Andy Lindert",Klaus Otto Nagorsnik,01 Min. 05 Sek.,"Jochen, Andy mit 12 Punkten",005.000 €,,92,
,60,22. Jan. 2016,"David Czmok, Ursula Mücke, Markus Kenzle, Konrad Walter",Holger Waldenberger,01 Min. 22 Sek.,"Ursula, Markus, Konrad mit 15 Punkten",040.750 €,,93,
,61,25. Jan. 2016,"Hannes Fabian, Jutta Müller, Tim Werbinsky, Max von Bredow",Klaus Otto Nagorsnik,16 Punkte,"Jutta, Tim, Max mit 20 + 3 Punkten",010.500 €,,94,
,62,26. Jan. 2016,"Sabrina Ianello, Thomas Heise, Frederik Melcher, Alois Kreitmeier",Holger Waldenberger,01 Min. 16 Sek.,"Sabrina, Thomas, Alois mit 14 Punkten",012.500 €,,95,
,63,28. Jan. 2016,"Maren Kroymann, Arne Friedrich, Gregor Meyle, Minh-Khai Phan-Thi",Sebastian Jacoby,01 Min. 10 Sek.,"Maren, Arne, Minh-Khai mit 11 Punkten",052.750 €,,96[Anm. 1],
,64,29. Jan. 2016,"Nicole Bankhoff, Siegmar Lantzsch, Eva Oermann, Peter Thomas Jäger",Sebastian Klussmann,15 Punkte,"Nicole, Siegmar, Eva mit 19 + 4 Punkten",004.750 €,,97,
,65,29. Jan. 2016,"Thomas Winkler, Christopher Jung, Annabel Rias, Ralf Muhmann",Holger Waldenberger,01 Min. 29 Sek.,"Thomas, Christopher mit 11 Punkten",061.000 €,,98,
,66,1. Feb. 2016,"Jens Wienand, Gabriele Steinhauer, Jannes Buß, Lothar Jadzinski",Sebastian Klussmann,06 Punkte,"Jens, Gabriele, Jannes, Lothar mit 18 + 6 Punkten",130.000 €,,99,
,67,2. Feb. 2016,"Harry Janus, Moritz Adler, Sieglinde Hess, Patrick May",Sebastian Jacoby,01 Min. 50 Sek.,"Harry, Moritz, Sieglinde mit 17 + 3 Punkten",012.500 €,,100,
,68,3. Feb. 2016,"Dirk Vielhuber, Jill Eileen Frenz, Julian Wulf, Eckhard Mey",Holger Waldenberger,01 Min. 47 Sek.,"Eckhard, Dirk mit 20 + 2 Punkten",005.500 €,,101,
,69,4. Feb. 2016,"Jasmin Wagner, Constantin von Jascheroff, Andrea Kaiser, Mathieu Carrière",Klaus Otto Nagorsnik,01 Min. 56 Sek.,Andrea mit 9 Punkten,002.400 €,,102,
,70,5. Feb. 2016,"Justin Winterberg, Fatima Khan, Sven Brauer, Lola LaMore",Sebastian Klussmann,01 Min. 13 Sek.,Fatima (alle ausgeschieden) mit 7 Punkten,000.500 €,,103,
,71,5. Feb. 2016,"Annette Bock, Michael Meichsner, Joyz Pearl, Christopher Scheibner",Sebastian Jacoby,01 Min. 57 Sek.,"Annette, Michael, Christopher mit 15 + 3 Punkten",108.000 €,,104,
,72,8. Feb. 2016,"Udo Wille, André Günner, Birgit Holtmann, Julian Schlömer",Sebastian Jacoby,11 Punkte,"Udo, Julian mit 17 + 6 Punkten",052.500 €,,105,
,73,9. Feb. 2016,"Andreas Nachtigall, Michael Peister, Daria-Maret Geller, Philipp Hotz",Sebastian Klussmann,01 Min. 59 Sek.,"Andreas, Michael, Daria mit 20 + 1 Punkten",012.000 €,,106,
,74,15. Feb. 2016,"Björn Maladinsky, Ashley Grace, Lisa Wilden, Agsin Kjasimov",Sebastian Jacoby,01 Min. 34 Sek.,"Björn, Lisa, Agsin mit 12 + 3 Punkten",078.500 €,,107,
,75,16. Feb. 2016,"Jens Wildberg, Markus Matern, Alexandra Künne-Sassinek, Stephan Toss",Holger Waldenberger,14 Punkte,"Jens, Markus, Stephan mit 19 + 3 Punkten",051.000 €,,108,
,76,17. Feb. 2016,"Wolfgang Plücken, Sebastian Kniest, Timo Glänzer, Michael Spohr",Sebastian Jacoby,01 Min. 44 Sek.,Michael mit 13 + 2 Punkten,050.000 €,,109,
,77,18. Feb. 2016,"Mirja du Mont, Jörn Schlönvoigt, Lisa Fitz, Marc Bator",Klaus Otto Nagorsnik,01 Min. 57 Sek.,"Mirja, Marc mit 13 + 1 Punkten",003.400 €,,110,
,78,19. Feb. 2016,"Guido Hagelstede, Tobias Langer, Petra Brumshagen, Sebastian Brings",Holger Waldenberger,01 Min. 27 Sek.,"Guido, Tobias, Petra, Sebastian mit 15 + 1 Punkten",010.020 €,,111,
,01,7. Okt. 2016,"Sebastian Köchig, Katja Steenbock, Robin Schlömer, Sandro Di Natale",Klaus Otto Nagorsnik,01 Min. 47 Sek.,Sebastian mit 19 + 1 Punkten,100.000 €,,,112
,02,14. Okt. 2016,"Renke Siefken, Osman Kaya, Philipp Hotz, Brigitte Kadach",Sebastian Jacoby,01 Min. 04 Sek.,"Brigitte, Osman, Renke mit 9 + 1 Punkten",011.000 €,,,113
,03,21. Okt. 2016,"Henriette Schamschula, Manfred Kiefer, Martina Keller, Harry Janus",Klaus Otto Nagorsnik,14 Punkte,"Henriette, Manfred, Martina, Harry mit 23 + 4 Punkten",017.500 €,,,114
,04,28. Okt. 2016,"Tobias Langer, Maximilian Römer, Steve Brauer, Barbara Boje",Sebastian Klussmann,01 Min. 38 Sek.,"Max, Barbara mit 15 + 1 Punkten",006.000 €,,,115
,05,4. Nov. 2016,"Daniel Shaltookchi, Claus Peter Simon, Holger Wockenfuß, Mario Kösslin",Holger Waldenberger,01 Min. 03 Sek.,"Mario, Daniel mit 12 Punkten",028.500 €,,,116
,06,11. Nov. 2016,"Bico Lange, Justin Winterberg, Beate Brakonier, Reinald Hoffsten",Sebastian Jacoby,01 Min. 33 Sek.,"Bico, Justin, Beate mit 18 Punkten",006.500 €,,,117
,07,18. Nov. 2016,"Catarina Wirth, Brigitte Blamage, Michael Spohr, Andrea Tegen",Holger Waldenberger,14 Punkte,"Michael, Andrea mit 16 + 4 Punkten",060.000 €,,,118
,08,25. Nov. 2016,"Deli Safari-Khaledi, Ernst Jäger-Buschart, Christoph Wötzel, Markus Müller",Sebastian Klussmann,01 Min. 41 Sek.,"Deli, Christoph mit 15 Punkten",050.000 €,,,119
,09,2. Dez. 2016,"Kathrin Horn, Fabian Stöhr, Bernd Glodeck, Annegret Jecke",Sebastian Jacoby,01 Min. 40 Sek.,"Fabian, Bernd mit 15 + 1 Punkten",005.500 €,,,120
,10,5. Dez. 2016,"Thomas Alexander, Laura Gille, Timo Schacht, Julia Kossmann",Klaus Otto Nagorsnik,01 Min. 38 Sek.,"Thomas, Laura, Timo, Julia mit 17 + 1 Punkten",008.600 €,,,121
,11,6. Dez. 2016,"Elisabeth Melzer, Manfred Mörker, Orchidee Brömme, Henrik Schaper",Holger Waldenberger,01 Min. 29 Sek.,"Elisabeth, Manfred, Henrik mit 12 + 1 Punkten",008.000 €,,,122
,12,7. Dez. 2016,"Bruno Lundius, Viktoryia Perez, Christoph Portig, Dennis Diedrich",Sebastian Klussmann,01 Min. 02 Sek.,"Viktoryia, Dennis mit 10 + 1 Punkten",003.300 €,,,123[5]
,13,8. Dez. 2016,"Joachim Saupe, Petra Lenzen, Rike Fabia Lohmann, Ronald Nienerza",Holger Waldenberger,01 Min. 50 Sek.,"Petra, Rike mit 8 Punkten",004.500 €,,,124
,14,9. Dez. 2016,"Carolin Tauchnitz, Sebastian Marschall, Elke Breuer, Botho von Saltzwedel",Sebastian Jacoby,01 Min. 36 Sek.,"Elke, Carolin mit 14 Punkten",068.000 €,,,125
,15,12. Dez. 2016,"Janine von Diest, Michael Pfeifer, Regina Schmidt, Marcel Kösling",Klaus Otto Nagorsnik,01 Min. 36 Sek.,"Janine, Michael, Regina, Marcel mit 15 + 1 Punkten",012.500 €,,,126
,16,13. Dez. 2016,"Manfred Kurfiß, Marianne Stresow, Lena Müller, Christian Kinner",Sebastian Jacoby,01 Min. 55 Sek.,"Marianne, Lena mit 16 + 2 Punkten",006.000 €,,,127
,17,14. Dez. 2016,"Joachim Gräwe, Nadine-Hanan Gröger, Uwe Knop, Lars Vorberger",Sebastian Klussmann,01 Min. 03 Sek.,Uwe mit 11 Punkten,003.000 €,,,128[6]
,18,21. Dez. 2016,"Nicola Brüggeleben, Cagdas Cetinkaya, Carsten Beer, Stephanie Hennig",Klaus Otto Nagorsnik,01 Min. 34 Sek.,"Nicola, Carsten mit 10 + 1 Punkten",005.500 €,,,129
,19,22. Dez. 2016,"Nadja Mrowetz, Rudi Henning, Gabriele Peulvast, Hermann Osterhage",Sebastian Klussmann,12 Punkte,"Nadja, Gabriele, Hermann mit 16 + 4 Punkten",089.500 €,,,130
,20,23. Dez. 2016,"Svenja Fojut, Klaus-Dieter Welzel, Kirsten Deppe, Ugur Kahveci",Sebastian Jacoby,01 Min. 19 Sek.,"Klaus-Dieter, Kirsten mit 9 + 2 Punkten",003.450 €,,,131
,21,27. Dez. 2016,"Tobias Snippe, Renate Dada-Tremblau, Theresa Helsper, Uwe Vosse",Sebastian Jacoby,01 Min. 36 Sek.,"Renate, Uwe mit 13 + 1 Punkten",062.000 €,,,132
,22,27. Dez. 2016,"Katharina Engelhardt, Florian Freihofer, Nicole Marquardt, Wolfgang Glauche",Holger Waldenberger,01 Min. 30 Sek.,"Katharina, Florian mit 14 + 1 Punkten",054.000 €,,,133
,23,28. Dez. 2016,"Delia West, Andreas Pluto, Christine Höhl, Axel Hecht",Klaus Otto Nagorsnik,12 Punkte,"Delia, Andreas, Axel mit 19 + 3 Punkten",006.250 €,,,134
,24,29. Dez. 2016,"Sarah Malaise, Hans-Günter Wilden, Petra Schiefen, Oliver Glen",Sebastian Klussmann,01 Min. 36 Sek.,Petra mit 12 + 1 Punkten,002.000 €,,,135
,25,30. Dez. 2016,"Elisabeth Münch, Julian Groenwoldt, Tanja Lüchinger, Andreas Friemel",Klaus Otto Nagorsnik,01 Min. 37 Sek.,"Elisabeth, Julian mit 16 Punkten",016.000 €,,,136
,26,2. Jan. 2017,"Stefan Kullack, Angelika Bork, Ralf Sukenik, Jacqueline Süß",Sebastian Klussmann,16 Punkte,"Angelika, Ralf, Jacqueline mit 17 + 2 Punkten",030.500 €,,,137
,27,3. Jan. 2017,"Andrea Collin-Johann, Mario Martz, Inga Bremermann, Mohammed Ghalamkarizadeh",Klaus Otto Nagorsnik,01 Min. 13 Sek.,Mohammed mit 11 + 1 Punkten,075.000 €,,,138
,28,4. Jan. 2017,"Uwe Strachau, Dagmar Ahrens, Matthias Rediker, Henriett Beres",Sebastian Jacoby,01 Min. 25 Sek.,"Uwe, Dagmar, Matthias mit 14 + 1 Punkten",010.000 €,,,139
,29,5. Jan. 2017,"Walter Quanz, Monika Regner, Melanie Gerlach, Lukas Rogel",Sebastian Klussmann,01 Min. 50 Sek.,"Walter, Lukas mit 15 + 1 Punkten",005.000 €,,,140
,30,6. Jan. 2017,"Lars Sörensen, Ulrike Bethmann, Egon Langhammer, Kathrin Düffert",Holger Waldenberger,15 Punkte,"Lars, Ulrike, Egon mit 17 + 3 Punkten",009.200 €,,,141
,31,9. Jan. 2017,"Kerstin Bitter, Christoph Fox, Matthias Kloß, Claudia Martin",Klaus Otto Nagorsnik,01 Min. 34 Sek.,"Kerstin, Claudia mit 13 + 1 Punkten",002.800 €,,,142
,32,10. Jan. 2017,"Ilka Scheer, Sven Joskowiak, Lionard Tampier, Brigitte Schaffner",Holger Waldenberger,01 Min. 03 Sek.,"Ilka, Lionard mit 11 Punkten",003.000 €,,,143
,33,11. Jan. 2017,"Thomas Schmid, Marle Düring, Sebastian Lindemann, Andrea Freesemann",Grażyna Werner,01 Min. 17 Sek.,"Marle, Sebastian, Andrea mit 9 + 1 Punkten",022.500 €,,,144
,34,12. Jan. 2017,"Remo Schwabe, Effi Löbnau, Adriana Röder, Lothar Ludigkeit",Sebastian Jacoby,01 Min. 18 Sek.,"Remo, Lothar mit 14 Punkten",005.500 €,,,145
,35,13. Jan. 2017,"Robin Hemp, Sabine Avenhaus, Erkan Seyran, Carolyn Srugies",Sebastian Klussmann,01 Min. 43 Sek.,"Robin, Sabine, Carolyn mit 16 + 1 Punkten",006.000 €,,,146
,36,16. Jan. 2017,"Sascha Windmöller, Birgit Dethlefs, Reinhard Hausch, Nina Bergmann",Klaus Otto Nagorsnik,01 Min. 38 Sek.,"Reinhard, Nina mit 13 + 1 Punkten",006.000 €,,,147
,37,17. Jan. 2017,"Lore Kleemann, Niclas Jechow, Verena Koterski, Andreas Klein",Sebastian Jacoby,09 Punkte,"Lore, Niclas, Verena, Andreas mit 18 + 7 Punkten",060.000 €,,,148
,38,18. Jan. 2017,"Thomas Lüker, Krstina „Tina“ Stolzenburg, Jonas Kalauch, Sabine Jahn",Holger Waldenberger,01 Min. 50 Sek.,"Krstina, Jonas, Sabine mit 15 + 1 Punkten",011.500 €,,,149
,39,19. Jan. 2017,"Margrit Hägele, Andreas Stadler, Kirsten Stein, Rolf Gottschalk",Sebastian Klussmann,01 Min. 42 Sek.,"Margrit, Kirsten, Rolf mit 12 + 3 Punkten",080.500 €,,,150
,40,23. Jan. 2017,"Silke Rostami, Vicco von Foullon, Horst-Günther Lueßen, Anne-Katrin Maurer",Klaus Otto Nagorsnik,15 Punkte,"Silke, Horst-Günther, Anne mit 16 + 1 Punkten",008.500 €,,,151
,41,24. Jan. 2017,"Melanie Pries, Julian Marquardt, Isabel Bergmann, Marc Vanacker",Grażyna Werner,11 Punkte,"Melanie, Julian, Isabel, Marc mit 19 + 3 Punkten",033.000 €,,,152
,42,25. Jan. 2017,"Rüdiger Wenzel, Anja Reiß, Youssef Akil, Beate Eckert-Dosedal",Sebastian Klussmann,01 Min. 29 Sek.,"Anja, Beate mit 11 + 1 Punkten",004.000 €,,,153
,43,26. Jan. 2017,"Patrick Christoph Rebmann, Dagmar Ernst, Justin Jackl, Nadine Hanke",Sebastian Jacoby,01 Min. 32 Sek.,"Patrick, Justin, Nadine mit 14 Punkten",106.500 €,,,154
,44,27. Jan. 2017,"Daniel Harsche, Cornelia ""Connie"" Schubert, Sascha Blättermann, Liane Kirchner-Teschner",Holger Waldenberger,01 Min. 20 Sek.,"Daniel, Liane mit 12 + 1 Punkten",006.500 €,,,155
,45,30. Jan. 2017,"Silke Mackels, Caren Wicka, Julian Weicht, Michael Link",Holger Waldenberger,01 Min. 17 Sek.,"Julian, Michael mit 13 + 1 Punkten",075.259 €,,,156
,46,31. Jan. 2017,"Maximilian Stauder, Doris Greßler, Astrid Huemke, Jörn Othersen",Sebastian Klussmann,13 Punkte,"Maximilian, Doris mit 14 + 3 Punkten",006.500 €,,,157
,47,1. Feb. 2017,"Tilmann Meinshausen, Nicole Baldwin, Gerald Braun, Eva Ulrich",Klaus Otto Nagorsnik,01 Min. 58 Sek.,"Eva, Gerald, Nicole, Tilmann mit 17 + 1 Punkten",047.000 €,,,158
,48,2. Feb. 2017,"Marcel Berkhahn, Birte Nagel, Johanna Geils, Olufemi Smith",Sebastian Klussmann,01 Min. 30 Sek.,"Olufemi, Marcel mit 11 + 1 Punkten",051.500 €,,,159
,49,3. Feb. 2017,"Götz Lachmann, Sonja Wohlhaupter, René Bizimana, Sandra Eisfeld",Sebastian Jacoby,01 Min. 12 Sek.,René mit 12 Punkten,060.000 €,,,160
,50,6. Feb. 2017,"Brinja Möller, Pascal Bothe, Katja Tollgreef, Ralf Lembke",Klaus Otto Nagorsnik,15 Punkte,"Pascal, Ralf mit 17 + 3 Punkten",026.500 €,,,161
,51,7. Feb. 2017,"Sarah Kaiser, Stefan Kiontke, Behzad Pourharandi, Viola Borchman",Grażyna Werner,09 Punkte,"Viola, Behzad, Stefan, Sarah mit 14 + 3 Punkten",041.000 €,,,162
,52,8. Feb. 2017,"Heiko Rühmann, Evelyn Schnapka, Susan Tenhaeff, Alexander Heilmann",Holger Waldenberger,14 Punkte,"Heiko, Evelyn, Susan, Alexander mit 20 + 3 Punkten",013.200 €,,,163
,53,9. Feb. 2017,"René Agular, Kai Schierhorn, Silke Rappelt, Bettina Weise",Sebastian Jacoby,12 Punkte,"Kai, Silke, Bettina mit 15 + 3 Punkten",056.500 €,,,164
,54,10. Feb. 2017,"Ingo Schmiedeberg, Verena Fehrlage, Suzan Zymella, Achim Finger",Sebastian Klussmann,13 Punkte,"Ingo, Suzan, Achim mit 15 + 4 Punkten",034.500 €,,,165
,55,13. Feb. 2017,"Baris Kösebas, Birgit Neuhaus, Annika Eckhardt, Markus Schollmeyer",Holger Waldenberger,02 Min.,"Birgit, Annika, Markus mit 15 + 4 Punkten",054.000 €,,,166
,56,14. Feb. 2017,"Matthias Bleiß, Nadine Stegemann, Wolfgang Fuchs, Anna Hennersperger",Holger Waldenberger,15 Punkte,"Nadine, Wolfgang, Anna mit 19 + 2 Punkten",007.500 €,,,167
,57,15. Feb. 2017,"Nicolas Poick, Tanja Mück, Heike Bischoff, Markus Dinkheller",Holger Waldenberger,01 Min. 16 Sek.,Markus mit 9 Punkten,003.000 €,,,168
,58,16. Feb. 2017,"Thomas Finger, Jutta Hartmann, Meghashyam Kadwey, Anna Schröder",Sebastian Klussmann,10 Punkte,"Thomas, Jutta, Meghashyam mit 12 + 4 Punkten",006.700 €,,,169
,59,17. Feb. 2017,"Ernst Niehof, Kamilla Duda, Patrick Otte, Neni Gotzmann",Sebastian Jacoby,01 Min. 00 Sek.,Patrick mit 11 Punkten,002.000 €,,,170
,60,20. Feb. 2017,"Sarah Sternhofer, Andreas Jeworrek, Sabine Rehmert, Michael Sack",Sebastian Jacoby,01 Min. 18 Sek.,Andreas mit 13 Punkten,003.500 €,,,171[7]
,61,21. Feb. 2017,"Michael Schneider, Bianca Berle, André Diers, Sandra Angeles Antunez",Sebastian Klussmann,01 Min. 28 Sek.,"Sandra, André, Michael mit 14 + 2 Punkten",052.100 €,,,172[8]
,62,22. Feb. 2017,"Wolfgang Stoll, Carolin Liebetrau, Toni Podpolinski, Dorothee Giffey",Holger Waldenberger,01 Min. 29 Sek.,"Toni, Dorothee mit 12 + 2 Punkten",005.000 €,,,173[9]
,63,23. Feb. 2017,"Hannes Schwelm, Birgit Levknecht, Horst Grüness, Jessica Braun",Klaus Otto Nagorsnik,01 Min. 53 Sek.,Hannes mit 8 Punkten,002.000 €,,,174
,64,24. Feb. 2017,"Dominic Bucher, Vanessa-Nina Kress, Birgit Hickman, Florian Klaue",Sebastian Jacoby,08 Punkte,"Dominic, Vanessa, Birgit, Florian mit 15 + 6 Punkten",032.000 €,,,175
,65,27. Feb. 2017,"Karin Mathenz, Daniel Buschmann, Barbara Wurz, Jona Cambatzu",Sebastian Jacoby,01 Min. 48 Sek.,"Barbara, Daniel, Karin mit 16 Punkten",007.000 €,,,176[10]
,66,28. Feb. 2017,"Tim Petersen, Valerie Ostermann, Sebastian Theurich, Marlene Manduke",Sebastian Klussmann,09 Punkte,"Valerie, Sebastian mit 12 + 6 Punkten",052.000 €,,,177[11]
,67,1. März 2017,"Christian Hill, Irene Pezzei, Sylvie Katterfeld, Nicholas Fanselow",Holger Waldenberger,01 Min. 10 Sek.,"Christian, Nicholas mit 12 + 1 Punkten",101.000 €,,,178[12]
,68,3. März 2017,"Jennifer Klotz, Lars Becker, Michael Hartmann, Britta Gramenz",Sebastian Jacoby,10 Punkte,"Jennifer, Lars, Michael, Britta mit 13 + 7 Punkten",030.000 €,,,179
,S1,4. März 2017,"Team „Schauspiel“: Axel Milberg, Andrea Sawatzki, Martin Brambach, Mimi Fiedler",Sebastian Jacoby,08 Punkte,"Axel, Andrea, Martin, Mimi mit 15 + 5 Punkten",037.750 €,,,XXL 3
,S1,4. März 2017,"Team „Musik“: Gitte Hænning, Tom Gaebel, Kristina Bach, Sebastian Krumbiegel",Klaus Otto Nagorsnik,12 Punkte,"Gitti, Tom, Kristina mit 13 + 4 Punkten",010.000 €,,,XXL 3
,S1,4. März 2017,"Team „Sport“: Andreas Toba, Sandra Völker, Stefan Effenberg, Claudia Pechstein",Sebastian Klussmann,01 Min. 38 Sek.,Sandra mit 6 Punkten,002.500 €,,,XXL 3
,S1,4. März 2017,"Team „Comedy“: Maren Kroymann, Wolfgang Trepper, Esther Schweins, Michael Kessler",Holger Waldenberger,11 Punkte,"Maren, Wolfgang, Esther, Michael mit 16 + 5 Punkten",168.000 €,,,XXL 3
,69,6. März 2017,"Laurens Roggenbuck, Helga Wahlers, Merlin Koglin, Claire Möhle",Klaus Otto Nagorsnik,01 Min. 51 Sek.,"Helga, Claire mit 14 + 1 Punkten",026.000 €,,,180
,70,7. März 2017,"Lea Schulz, Dirk Hey, Manuela Jekubik-Kloodt, Evangelos Alexiou",Sebastian Klussmann,01 Min. 16 Sek.,"Lea, Manuela, Evangelos mit 11 + 1 Punkten",023.250 €,,,181
,71,8. März 2017,"Selin Veli Oglou, David Juric, Sarah Holly Malzahn, Edgar Pelz",Grażyna Werner,07 Punkte,"Selin, Sarah Holly mit 13 + 2 Punkten",004.500 €,,,182
,72,9. März 2017,"Simone Helmerich, Horst Küpker, Sonja Gebert, Ayhan Ersöz",Holger Waldenberger,01 Min. 19 Sek.,Horst mit 4 Punkten,002.000 €,,,183
,73,10. März 2017,"Hildegard Jennen, Jonathan Mätzig, Martina Hayes-Vesely, Michael Schulte-Döinghaus",Sebastian Klussmann,14 Punkte,"Martina, Michael mit 18 + 2 Punkten",020.000 €,,,184
,74,13. März 2017,"Paulina-Sophie Stolz, Moritz Radecke, Ilka Paepke, Jens Kreuzer",Holger Waldenberger,01 Min. 57 Sek.,"Paulina-Sophie, Ilka, Jens mit 15 + 3 Punkten",053.500 €,,,185
,75,20. März 2017,"Martin Eitner, Andrea Prinz, Edgar Schultz, Diana-Beata Biever-Madsen",Klaus Otto Nagorsnik,01 Min. 56 Sek.,Edgar mit 8 Punkten[Anm. 3],001.500 €,,,186
,76,21. März 2017,"Bettina Heese, Jakob Flemming, Dieter Reuter, Andrea Ptok",Sebastian Jacoby,11 Punkte,"Jakob, Dieter mit 13 + 1 Punkten",005.500 €,,,187
,77,22. März 2017,"Stephanie Lied, Reiner Sikora, Silvia Schäfler, Norman Kruft",Holger Waldenberger,01 Min. 54 Sek.,"Stephanie, Norman mit 12 + 4 Punkten",051.000 €,,,188
,78,23. März 2017,"Svenja Dungs, Matthias Moehl, Martina Drexelius, Peter Irion",Sebastian Klussmann,01 Min. 32 Sek.,"Svenja, Peter mit 12 Punkten",007.000 €,,,189
,79,24. März 2017,"Tanja Bruhn, Karsten Friedrich, Thomas Schönau, Andrea Scheppler",Klaus Otto Nagorsnik,16 Punkte,"Tanja, Karsten, Thomas, Andrea mit 18 + 1 Punkten",010.500 €,,,190
,80,24. März 2017,"Markus Kügel, Christine Kamps, Carin Bahner, Jan de Jong",Holger Waldenberger,01 Min. 45 Sek. (fehlerlos),"Christine, Carin mit 8 Punkten",006.000 €,,,191
,81,27. März 2017,"Elke-Marianne Dörnen, Benedict Bier, Dagmar Hitzelberger, Ulrich Brinken",Holger Waldenberger,12 Punkte,"Benedict, Dagmar, Ulrich mit 16 + 4 Punkten",074.500 €,,,192
,82,28. März 2017,"Claus Spilker, Irene Stehr, Susanne Berthes, René Teuscher",Klaus Otto Nagorsnik,01 Min. 50 Sek.,Susanne mit 13 + 2 Punkten,070.000 €,,,193
,83,29. März 2017,"Hannelore Tuminello, Zeynel Berber, Simone Marschner, Thomas Illing",Sebastian Klussmann,15 Punkte,"Hannelore, Zeynel, Simone, Thomas mit 17 + 4 Punkten",026.500 €,,,194
,84,30. März 2017,Die Schwestern Elisabeth Remig-Rosahl und Anna-Maria Remig sowie die Brüder Philipp und Martin Opitz,Holger Waldenberger,01 Min. 24 Sek.,"Anna-Maria, Philipp, Martin mit 13 Punkten",010.500 €,,,195
,85,31. März 2017,"Kerstin Egiomue, Maximilian Franz, Karsten Strey, Berenike Hüls",Sebastian Jacoby,01 Min. 51 Sek.,"Maximilian, Karsten mit 16 + 1 Punkten",054.000 €,,,196
,86,31. März 2017,"Alina Schneider, Carsten Kriegler, Sarah Tosun, Till Adam",Sebastian Klussmann,01 Min. 32 Sek.,Till mit 5 Punkten,003.000 €,,,197
,87,3. Apr. 2017,"Elke Gebauer, Samed Sahin, Katja Bischoff, Horst Loosen",Holger Waldenberger,01 Min. 40 Sek.,"Elke, Katja, Horst mit 15 + 1 Punkten",009.000 €,,,198
,88,4. Apr. 2017,"Patricia Rupprecht, Manuel Hobiger,[Anm. 4] Sabine Kirsch, Michael Moosmeier",Klaus Otto Nagorsnik,15 Punkte,"Manuel, Sabine, Michael mit 18 + 2 Punkten",027.500 €,,,199
,89,5. Apr. 2017,"Kamil Akmermer, Franziska Ehrl, Steffen Raddatz, Christa Klein",Grażyna Werner,06 Punkte,"Kamil, Franziska, Christa mit 14 + 7 Punkten",005.000 €,,,200
,90,6. Apr. 2017,"Sascha Neumann, Irmgard Rösch, Detlef Gansera, Hilde Kaspari",Sebastian Klussmann,01 Min. 44 Sek.,"Sascha, Irmgard, Hilde mit 14 + 2 Punkten",006.300 €,,,201
,91,7. Apr. 2017,"Christine Kaulen, Martin Wulff, Christina Cordes, Andy Östreich",Sebastian Jacoby,01 Min. 47 Sek.,"Christine, Christina, Andy mit 15 + 3 Punkten",045.500 €,,,202
,92,7. Apr. 2017,"Patrick Seidel, Monika Lang, Katharina Müller, Jens Bartels",Sebastian Klussmann,01 Min. 45 Sek.,"Patrick, Monika, Katharina mit 8 Punkten",008.500 €,,,203
,93,10. Apr. 2017,"Cornelia Wagner, Marius Mielke, Daniela Faust, Peter Gremm",Klaus Otto Nagorsnik,10 Punkte,"Cornelia, Marius mit 15 + 6 Punkten",005.500 €,,,204
,94,11. Apr. 2017,"Larissa Sarah Meurer, Werner Merz, Regina Keul, Ralf Großmann",Sebastian Jacoby,01 Min. 35 Sek.,"Larissa, Regina mit 14 + 2 Punkten",051.000 €,,,205
,95,12. Apr. 2017,"Violetta „Viola“ Tomaschewski, Jonathan Schmollinger, Sabrina Fritz, Stephan Balzer",Klaus Otto Nagorsnik,01 Min. 26 Sek.,"Viola, Jonathan, Stephan mit 11 Punkten",102.250 €,,,206
,96,13. Apr. 2017,"Anja Gilsovic, Andreas Render, Stephan Köhler, Renate Beisenherz-Galas",Sebastian Jacoby,14 Punkte,"Anja, Andreas, Renate mit 15 + 3 Punkten",007.450 €,,,207
,97,18. Apr. 2017,"Bernhard Kohlbeck, Lena Lütt, Stefan Bunk, Simone Pahlke",Holger Waldenberger,01 Min. 42 Sek.,Bernhard mit 14 + 3 Punkten,003.000 €,,,208[13]
,98,19. Apr. 2017,"Gudrun Schneider, Thomas Radtke, Frauke Krüger, Benjamin Lewin",Sebastian Klussmann,08 Punkte,"Gudrun, Frauke mit 13 + 4 Punkten",006.500 €,,,209[14]
,99,20. Apr. 2017,"Sebastian Hermann, Ines Seiwert, Dagmar Münzel, Philipp Schäfer",Holger Waldenberger,01 Min. 24 Sek.,"Sebastian, Ines, Philipp mit 15 + 1 Punkten",010.500 €,,,210
Familie 1,S1,2. Jan. 2018,"Feras, Nabil, Lemia, Timo Al-Barazanchi",Sebastian Klussmann,01 Min. 55 Sek.,"Feras, Timo mit 11 Punkten",005.500 €,,,
Familie 2,S2,3. Jan. 2018,"Maximilian, Volker, Gernot, Florian Pfisterer",Sebastian Jacoby,01 Min. 12 Sek.,"Maximilian, Volker, Florian mit 15 + 1 Punkten",050.500 €,,,
Familie 3,S3,4. Jan. 2018,"Bastian, Jessica, Philipp, Hendrik Schröder",Klaus Otto Nagorsnik,01 Min. 43 Sek.,"Bastian, Jessica, Hendrik mit 15 + 1 Punkten",026.000 €,,,
Familie 4,S4,5. Jan. 2018,"Frederic, Felix, Philipp, Susanne Schäfer",Sebastian Jacoby,01 Min. 32 Sek.,"Felix, Philipp, Susanne mit 15 Punkten",079.700 €,,,
211,01,8. Jan. 2018,"Katharina Bischoff, Thomas Walzer, Renate Peltzer, Ronald Stelzer",Klaus Otto Nagorsnik,01 Min. 16 Sek.,Katharina (alle ausgeschieden) mit 11 + 1 Punkten,000.500 €,,,
212,02,23. Apr. 2018,"Jan Eric Schnellbacher, Martina Druckenthaner, Thomas Mehlbeer, Gerti Stegmann",Sebastian Jacoby,01 Min. 18 Sek.,"Jan, Martina mit 13 + 1 Punkten",0 8.500 €,,,
213,03,24. Apr. 2018,"Christian Hansen, Marietta Junig, Frank Linz, Sabine Majer",Klaus Otto Nagorsnik,11 Punkte,"Christian, Frank, Sabine mit 13 + 5 Punkten",025.500 €,,,
214,04,25. Apr. 2018,"Petra Köhler, Anais Mbala, Christian Gebhard, Jennifer Hartung",Sebastian Klussmann,01 Min. 47 Sek.,Petra mit 13 + 2 Punkten,003.500 €,,,
215,05,26. Apr. 2018,"Joana Schmidt, Ralf Kussowski, Melanie Messow, Julian Goede",Sebastian Jacoby,01 Min. 36 Sek.,"Joana, Julian mit 14 + 1 Punkten",004.250 €,,,
216,06,27. Apr. 2018,"Jutta Schottstedt, Tobias Lange, Laura Klemm, Wolfgang Flohr",Klaus Otto Nagorsnik,01 Min. 33 Sek.,"Jutta, Tobias, Laura, Wolfgang mit 17 + 1 Punkten",012.000 €,,,
217,07,30. Apr. 2018,"Lilian Sommerfeld, Daniel Kinkel, Benjamin Schmidt, Sabine Vollbrecht",Sebastian Jacoby,01 Min. 28 Sek.,"Lili, Sabine mit 13 Punkten",004.400 €,,,
218,08,2. Mai 2018,"Christopher Witt, Maren Mielke, Eduardo da Silva Monteiro, Katharina Schmidt",Klaus Otto Nagorsnik,01 Min. 15 Sek.,Maren (alle ausgeschieden) mit 12 Punkten,000.500 €,,,
219,09,3. Mai 2018,"Sabine Gleinige, Michael Sträßer, Tanja Gems, Markus Gärtner",Sebastian Jacoby,14 Punkte,"Sabine, Michael, Markus mit 15 + 4 Punkten",003.754 €,,,
220,10,4. Mai 2018,"Moritz Flesch, Jannett Mallon, Dirk Heinenberg, Katharina Götz",Sebastian Klussmann,01 Min. 34 Sek.,"Jannett, Dirk mit 12 + 3 Punkten",006.000 €,,,
221,11,7. Mai 2018,"Sophie Lieb, Achim Leopold, Tim Dassler, Susanne Lang",Sebastian Klussmann,10 Punkte,"Sophie, Achim, Tim mit 16 + 5 Punkten",007.500 €,,,
222,12,8. Mai 2018,"Michael Sandner, Gelareh Shahpar, Wolfgang Schneeloch, Melanie Gross",Sebastian Jacoby,01 Min. 42 Sek.,"Michael, Gelareh mit 9 Punkten",005.500 €,,,
223,13,9. Mai 2018,"Alexandra Kunz, Magnus Gielessen, Michael Kirschbaum, Vera Bonn",Sebastian Klussmann,01 Min. 09 Sek.,Michael mit 11 Punkten,004.000 €,,,
224,14,11. Mai 2018,"Jutta Resing, Niklas Buhl, Thomas Knaack, Martina Mikulasch",Klaus Otto Nagorsnik,01 Min. 33 Sek.,Niklas (alle ausgeschieden) mit 11 + 3 Punkten,000.500 €,,,
225,15,14. Mai 2018,"Dorothea Callhoff, Hartmut Knierim, Sylvia Burdach, Patrick Hasenberg",Klaus Otto Nagorsnik,13 Punkte,"Dorothea, Hartmut, Sylvia, Patrick mit 16 + 3 Punkten",026.500 €,,,
226,16,15. Mai 2018,"Karl-Herrmann Stein, Isabel Pereira, Hans Hammer, Daniela Hellmuth",Sebastian Jacoby,01 Min. 54 Sek.,Isabell mit 10 Punkten,001.000 €,,,
227,17,16. Mai 2018,"Oliver Altmann, Daniel Hoffmann, Susan Mehringer, Nicola Busse",Sebastian Klussmann,01 Min. 11 Sek.,Oliver mit 11 Punkten,010.000 €,,,
228,18,17. Mai 2018,"Astrid Euler, Carsten John, Margit Schmitz, Jonas Klimm",Sebastian Jacoby,14 Punkte,"Astrid, Margit mit 16 + 3 Punkten",004.750 €,,,
229,19,18. Mai 2018,"Dorothea Burtchen-Bataineh, Joshua Clausnitzer, Wolfgang Gerhold, Kerstin Petzold",Klaus Otto Nagorsnik,01 Min. 17 Sek.,"Dorothea, Wolfgang mit 8 + 1 Punkten",007.500 €,,,
230,20,22. Mai 2018,"Helga Kaufmann, Manfred Lachmann, Matthias Gruber, Saskia Klingelschmitt",Sebastian Klussmann,10 Punkte,Manfred mit 15 + 4 Punkten,003.000 €,,,
231,21,23. Mai 2018,"Joachim John, Ulrike Stockhausen, Marianne Lehmann, Ronny Menzel",Klaus Otto Nagorsnik,11 Punkte,Ulrike mit 13 + 2 Punkten,002.500 €,,,
232,22,24. Mai 2018,"Sandra Vogt, Ronald Bartsch, Bettina Kibscholl, Tobias Dierfeld",Manuel Hobiger,01 Min. 58 Sek.,Sandra mit 12 + 1 Punkten,004.000 €,,,
233,23,25. Mai 2018,"Hermann Wegner, Annie Meyer, Marco Heyer, Betty Erath",Sebastian Jacoby,01 Min. 53 Sek. (fehlerlos),Betty (alle ausgeschieden) mit 10 Punkten,000.500 €,,,
234,24,28. Mai 2018,"Errol Dogan, Inga Lipowski, Wolfgang Bucher, Annette Heil",Sebastian Klussmann,01 Min.,Inga mit 7 Punkten,002.500 €,,,
235,25,29. Mai 2018,"Lieselotte Klein, Robert Atzler, Richard Wernecke, Elke Sauer",Manuel Hobiger,01 Min. 35 Sek.,Robert mit 13 + 2 Punkten,004.000 €,,,
236,26,30. Mai 2018,"Eva Friedl, Tobias Schmiedeberg, Petra Maneval, Franz Irmer",Sebastian Jacoby,01 Min. 49 Sek.,"Petra, Franz mit 13 + 3 Punkten",052.000 €,,,
237[Anm. 5],27,31. Mai 2018,"Sarah Wieding, Gerhard Marks, Inge Rasmussen, Stephan Biedermann",Manuel Hobiger,15 Punkte,"Sarah, Gerhard, Inge, Stephan mit 17 + 3 Punkten",029.500 €,,,
238,28,1. Juni 2018,"Johanna Glittenberg, Wolfgang Kressin, Monja Tam, Lars Fröhling",Klaus Otto Nagorsnik,01 Min. 53 Sek.,"Wolfgang, Monja mit 8 Punkten",042.500 €,,,
239,29,4. Juni 2018,"Lara Buß, Helmut Hüller, Mandy Wendt, Maximilian (Max) Eichenlaub",Manuel Hobiger,01 Min. 15 Sek.,Helmut mit 7 + 1 Punkten,001.000 €,,,
240,30,5. Juni 2018,"Stefanie (Steffi) Burbulla, Ulrich (Uli) Stang-von de Fenn, Andrea Israel, Patrick Buchmann",Sebastian Jacoby,13 Punkte 0(14 nötig),"Steffi, Uli, Patrick mit 13 + 6 Punkten",034.500 €,,,
241,31,6. Juni 2018,"Judith Hupfer, Essam Shurbaji, Janine-Kristin Reibig, Wolf-Dieter Wichmann",Sebastian Klussmann,01 Min. 47 Sek.,Judith mit 7 Punkten,001.000 €,,,
242,32,7. Juni 2018,"Zeliha Michailov, Hans Jörg Richter, Karin Fieguth, Jean-Marc Burmester",Manuel Hobiger,01 Min. 42 Sek.,Zeliha mit 6 Punkten,001.250 €,,,
243,33,8. Juni 2018,"Volker Maschinsky, Juliane-Maria Christoph, Max Gödecke, Ute Görner",Klaus Otto Nagorsnik,01 Min. 15 Sek.,Volker mit 12 Punkten,001.500 €,,,
244,34,11. Juni 2018,"Hannelore Rönicke, Markus Janasek, Luc Goossens, Carina Ehrig",Sebastian Jacoby,01 Min. 12 Sek.,"Hannelore, Luc mit 10 + 1 Punkten",004.000 €,,,
245,35,12. Juni 2018,"Thomas (Tom) Rothfeld, Ilona Stoldt, Dinah Gajewski, Wilhelm Westbrink",Klaus Otto Nagorsnik,16 Punkte,"Tom, Ilona mit 18 + 3 Punkten",048.000 €,,,
246,36,13. Juni 2018,"Erik Langnickel, Jasmin Ehrhardt, Eva Opitz, Marc-Hendrik Grages",Sebastian Klussmann,01 Min. 27 Sek. (fehlerlos),Eva mit 6 Punkten,001.000 €,,,
247[Anm. 6],37,21. Juni 2018,"Ting Chen, Dagmar Kink, Sven Becker, Sylvia Gohlke",Sebastian Klussmann,09 Punkte,Dagmar mit 12 + 6 Punkten,002.500 €,,,
248,38,22. Juni 2018,"Werner Matthies, Pia Christiansen, Marcus Zyla, Annette Biller",Klaus Otto Nagorsnik,12 Punkte,Annette mit 19 + 5 Punkten,070.000 €,,,
249[Anm. 7][15],39,25. Juni 2018,"Stefanie Haas, Michael Buscher, Osta Oesterreich, Andreas Bräuning",Klaus Otto Nagorsnik,01 Min. 36 Sek.,Michael (alle ausgeschieden) mit 15 + 1 Punkten,000.500 €,,,
250,40,29. Juni 2018,"Hartmut Florkowski, Sevcan Othersen, Jochen Heimann, Gisela Sölch-Hollenbach",Sebastian Klussmann,01 Min. 56 Sek.,"Hartmut, Jochen, Gisela mit 15 + 4 Punkten",006.500 €,,,
251,41,2. Juli 2018,"Clemens Krause, Henrike Bubenzer, Philipp Epstein, Christina Wippel",Sebastian Jacoby,01 Min. 05 Sek.,Henrike (alle ausgeschieden) mit 9 Punkten,000.500 €,,,
252,42,4. Juli 2018,"Irene Hoffmann, Adrian Riesen, Beatrix Schenkel, Klaus Günther",Sebastian Klussmann,05 Punkte,"Irene, Beatrix mit 13 + 6 Punkten",005.000 €,,,
253,43,5. Juli 2018,"Katrin Pöhlmann, Gottlieb Poelmeyer, Christine Brügmann, Dominik Neu",Manuel Hobiger,01 Min. 39 Sek.,Katrin mit 12 + 2 Punkten,001.500 €,,,
254[16],44,9. Juli 2018,"Henrik Bathke, Mareike Benecke, Jenny Henze, Jörg Holsten",Sebastian Klussmann,01 Min. 55 Sek.,Mareike mit 12 + 1 Punkten,001.500 €,,,
255,45,10. Juli 2018,"Ina Petschick, Bernhard Staffa, Thea Renate Eis, Tim Gramse",Klaus Otto Nagorsnik,13 Punkte,Bernhard mit 17 + 4 Punkten,003.500 €,,,
256,46,11. Juli 2018,"Sonja Dargatz, Hermann Schulz, Beatrice Schröder, Sven Benninghaus",Sebastian Jacoby,01 Min. 24 Sek.,"Hermann, Beatrice, Sven mit 14 + 1 Punkten",059.000 €,,,
257,47,12. Juli 2018,"Carla Schaudt, Farshad Tawalalli, Astrid Benecke-Jahanbin, Lukas Günther",Klaus Otto Nagorsnik,01 Min. 36 Sek.,"Carla, Farshad, Astrid mit 16 Punkten",049.500 €,,,
258,48,13. Juli 2018,"Karen Knolle, Jürgen Petersen, Monika Barth, Lutz Schnelle",Manuel Hobiger,13 Punkte,"Karen, Lutz mit 18 + 3 Punkten",041.000 €,,,
259,49,16. Juli 2018,"Daniela Pusskacs, Eduard Meister, Christina Maria Menke, Frederik Schiek",Sebastian Klussmann,01 Min. 28 Sek.,"Daniela, Eduard, Frederik mit 10 Punkten",009.000 €,,,
260,50,17. Juli 2018,"Angelina Schwotzer, Thomas Rückmann, Martina Burghardt, Christian Bauer",Manuel Hobiger,16 Punkte,"Thomas, Martina, Christian mit 22 + 2 Punkten",024.000 €,,,
261,51,18. Juli 2018,"Bianca Görke, Adrian Schneider, Justina Matosin, Joachim Hallmann",Sebastian Jacoby,01 Min. 01 Sek.,"Bianca, Justina mit 10 Punkten",003.000 €,,,
262,52,19. Juli 2018,"Gregor Schlichting-Reinecke, Andrea Müller, Karl-Heinz Steinbüchel, Xenia Goretzki",Klaus Otto Nagorsnik,01 Min. 11 Sek.,Karl-Heinz mit 12 Punkten,002.500 €,,,
263,53,20. Juli 2018,"Marion Neumer, Frank Battermann, Theresia Duisen, Horst Göhre",Sebastian Jacoby,01 Min. 06 Sek.,Frank mit 9 Punkten,002.500 €,,,
264,54,23. Juli 2018,"Ramona Rolf, Günter Wiese, Jasmin Miah, Patrick Soares Bastiao",Sebastian Jacoby,01 Min. 59 Sek.,"Ramona, Günter, Jasmin mit 16 + 4 Punkten",012.500 €,,,
265,55,24. Juli 2018,"Michel Ortland, Monika Vollmer, Andreas Sicora, Marianne Mohr",Sebastian Klussmann,01 Min. 01 Sek.,Andreas (alle ausgeschieden) mit 8 + 1 Punkten,000.500 €,,,
266,56,25. Juli 2018,"Andreas Reich, Claudia Nickl, Andreas Westermeier, Xenie Bojanovska",Klaus Otto Nagorsnik,10 Punkte,"Andreas, Andreas mit 21 + 6 Punkten",007.500 €,,,
267,57,26. Juli 2018,"Christoph Schrader, Luise Jahn, Jens Drößler, Christian Bahlecke",Sebastian Jacoby,01 Min. 37 Sek.,"Luise, Jens mit 15 + 2 Punkten",006.000 €,,,
268,58,27. Juli 2018,"Stefanie Weis, Ulrich Seutter, Wiebke Diesenbacher, Felix Malek",Sebastian Klussmann,01 Min. 57 Sek.,"Stefanie, Ulrich, Wiebke, Felix mit 17 + 2 Punkten",024.500 €,,,
269,59,30. Juli 2018,"Stefan Fitzner, Ute Höhfeld, Sabine Schelz, Rainer Bartel",Sebastian Klussmann,01 Min. 56 Sek.,"Stefan, Ute, Sabine, Rainer mit 18 + 1 Punkten",038.000 €,,,
270,60,31. Juli 2018,"Wolfgang Günther, Daniel Neuhaus, Tilo Kleßig, Mareike Ekmayer",Sebastian Jacoby,01 Min. 18 Sek.,Wolfgang (alle ausgeschieden) mit 10 + 1 Punkten,000.500 €,,,
271,61,1. Aug. 2018,"Norbert Raitor, Barbara Catrin Parr, Andreas Lengenfelder, Lena Ludin",Manuel Hobiger,01 Min.,Norbert mit 10 Punkten,002.000 €,,,
272,62,2. Aug. 2018,"Rudolf Schuster, Janne Blum, Dennis Braun, Doris Rohe",Sebastian Klussmann,01 Min. 15 Sek.,Rudolf mit 11 + 1 Punkten,002.000 €,,,
273,63,3. Aug. 2018,"Vanessa Meyer, Morten Gardthausen, Melanie Kursawe, Daniel Neuthe",Klaus Otto Nagorsnik,01 Min. 53 Sek.,"Morten, Daniel mit 17 + 1 Punkten",005.500 €,,,
274,64,7. Aug. 2018,"Peter Engel, Maren Lach, Rolf Kuntze, Simone Köhl",Sebastian Klussmann,01 Min. 58 Sek.,Rolf mit 11 Punkten,030.000 €,,,
275,65,9. Aug. 2018,"Niklas Rohde, Markus Langer, Karl Nagele, Gabriele Haar",Klaus Otto Nagorsnik,01 Min. 48 Sek.,"Markus, Karl mit 15 + 2 Punkten",006.500 €,,,
276[17],66,13. Aug. 2018,"Jutta Krenberger, Leonard Elste, Alexandra Trentz, Berthold Laschewski",Sebastian Jacoby,01 Min. 48 Sek.,"Leonard, Alexandra mit 14 + 2 Punkten",006.000 €,,,
277,67,14. Aug. 2018,"Karl-Heinz (Carlos) Reich, Alisa Guschker, Nico Schäfer, Heike Schulz",Klaus Otto Nagorsnik,01 Min. 54 Sek.,"Carlos, Nico mit 12 + 1 Punkten",016.000 €,,,
278,68,15. Aug. 2018,"Heike Hüsch, Harald Fuhnert, Vanessa Höhne, Ricky Mattischeck",Thomas Kinne,09 Punkte,"Vanessa, Ricky mit 12 + 3 Punkten",008.500 €,,,
279,69,16. Aug. 2018,"Alexander Gehring, Margot Piotrowicz, Robert Püstow, Alexandra Donner",Sebastian Jacoby,01 Min. 16 Sek.,Robert (alle ausgeschieden) mit 11 + 1 Punkten,000.500 €,,,
280,70,17. Aug. 2018,"Christoph Bernig, Angela Brand, Hartmut Contenius, Dennis Krause",Sebastian Klussmann,09 Punkte,"Christoph, Angela, Hartmut mit 15 + 5 Punkten",025.000 €,,,
XXL 4,S5,18. Aug. 2018,"Team „Schauspiel“: Meret Becker, Anna Thalbach, Ann-Kathrin Kramer, Christine Neubauer",Klaus Otto Nagorsnik,01 Min. 33 Sek.,"Meret, Anna, Ann-Kathrin mit 15 + 1 Punkten",017.500 €,,,
XXL 4,S5,18. Aug. 2018,"Team „Sport“: Ralf Moeller, Matthias Steiner, Lars Riedel, Mario Basler",Manuel Hobiger,01 Min. 16 Sek.,"Ralf, Matthias mit 12 Punkten",013.500 €,,,
XXL 4,S5,18. Aug. 2018,"Team „Spezial“: Natalia Wörner, Jimi Blue Ochsenknecht, Sarah Wiener, Joachim Llambi",Sebastian Jacoby,01 Min. 58 Sek. (fehlerlos),"Jimi Blue, Joachim mit 14 Punkten",052.500 €,,,
XXL 4,S5,18. Aug. 2018,"Team „Entertainment“: Ruth Moschner, Ross Antony, Lilo Wanders, Thomas Hermanns",Sebastian Klussmann,05 Punkte,Thomas mit 19 + 6 Punkten,060.000 €,,,
281[18],71,20. Aug. 2018,"Lion Thielitz, Andrea Hoops, Klaus Hoffmann, Silke Buchholz",Klaus Otto Nagorsnik,09 Punkte,"Lion, Silke mit 11 + 5 Punkten",043.500 €,,,
282,72,21. Aug. 2018,"Angelo Pojer, Monika Ziche, Matthias Dalwig, Patricia Butt",Thomas Kinne,01 Min. 51 Sek.,"Angelo, Monika, Matthias mit 14 + 2 Punkten",017.500 €,,,
283,73,22. Aug. 2018,"Anja Prietl, Carsten Berger, Hans-Jürgen Kandler, Sven Lehmann",Sebastian Klussmann,01 Min. 22 Sek.,"Carsten, Hans-Jürgen mit 14 + 1 Punkten",005.500 €,,,
284,74,23. Aug. 2018,"Moritz Schanz, Manuela Robert-Zumstein, Rosalie Kreuijer, Yared Dibaba",Thomas Kinne,01 Min. 32 Sek.,"Moritz, Manuela, Rosalie mit 12 Punkten",005.750 €,,,
285,75,24. Aug. 2018,"Christoph Klasen, Mareike Nissen, Andreas Godehardt, Melanie Freitag",Sebastian Jacoby,01 Min. 39 Sek.,"Christoph, Andreas, Melanie mit 11 + 3 Punkten",037.000 €,,,
286,76,27. Aug. 2018,"Christian Benkenstein, Arne Norman Jant, Katja Feuerstein, Martin Wonde",Manuel Hobiger,14 Punkte,"Christian, Martin mit 18 + 4 Punkten",008.000 €,,,
287,77,28. Aug. 2018,"Bianca Schmaltz, Arend Jouke Kingma, Erika Pfeiffer, Stefan Parting",Sebastian Jacoby,01 Min. 35 Sek.,"Arend, Erika, Stefan mit 13 + 3 Punkten",043.500 €,,,
288,78,29. Aug. 2018,"Ersin Özdemircelik, Monika Wittkowsky, Konrad Kopper, Theresa Haacke",Klaus Otto Nagorsnik,16 Punkte,"Ersin, Monika, Theresa mit 18 + 3 Punkten",009.500 €,,,
289,79,30. Aug. 2018,"Bastian Gremerich, Elle Buchborn-Klos, Frieder Junghanns, Manuela Grüneberg",Sebastian Klussmann,01 Min. 59 Sek.,Bastian mit 9 Punkten,002.500 €,,,
290,80,31. Aug. 2018,"Robert Kropf, Erwin Dechert, Karin Schäffer, Frederic Hillmann",Thomas Kinne,01 Min. 03 Sek.,"Erwin, Frederic mit 11 Punkten",038.000 €,,,
291,81,3. Sep. 2018,"Marco Hamacher, Teresa Dörries, Michael Mesche, Petra Piper",Sebastian Jacoby,02 Min.,"Marco, Teresa, Petra mit 19 + 5 Punkten",007.000 €,,,
292,82,5. Sep. 2018,"Michael Becker, Vanessa Engelhardt, Heike Ulrich, Bastian Maximilian Fischer",Thomas Kinne,07 Punkte,"Heike, Bastian mit 14 + 6 Punkten",005.500 €,,,
293,83,6. Sep. 2018,"Alfons Schlofer, Marija Galic, Georg Helfer, Matthias Tschakert",Sebastian Klussmann,01 Min. 57 Sek.,Alfons (alle ausgeschieden) mit 16 + 3 Punkten,000.500 €,,,
294,84,7. Sep. 2018,"Carin Dinter, Samuel Bellinghausen, Julia Johnson, Werner Süs",Klaus Otto Nagorsnik,15 Punkte,"Carin, Samuel, Werner mit 16 + 3 Punkten",007.000 €,,,
295,85,10. Sep. 2018,"Dennis Mispelbaum, Erika Konetzny, Henning von Speßhardt, Sarah Zeier",Thomas Kinne,01 Min. 55 Sek.,Erika mit 15 + 1 Punkten,003.000 €,,,
296,86,11. Sep. 2018,"Elif Ebci, Daniel Pinsker, Gudrun Holz, Benjamin Küchenhoff",Sebastian Jacoby,01 Min. 56 Sek.,"Elif, Gudrun mit 11 + 6 Punkten",004.500 €,,,
297,87,12. Sep. 2018,"Tobias Kalinowski, Alexandra Nunes Claro, Gabriele Knick, Benjamin Liedtke",Sebastian Klussmann,01 Min. 09 Sek.,Alexandra mit 11 Punkten,020.000 €,,,
298,88,13. Sep. 2018,"Markus Welker, Erika Sorge, Jens Hirschfeld, Christin Gonsior",Thomas Kinne,13 Punkte,"Erika, Jens, Christin mit 16 + 3 Punkten",008.500 €,,,
299,89,14. Sep. 2018,"Nadine Fiedler, Jörg Kuklinski, Caroline Bachmat, Carsten Deseke",Manuel Hobiger,01 Min. 13 Sek.,Carsten mit 10 Punkten,050.000 €,,,
300,90,17. Sep. 2018,"Ramin Rachel, Stephanie Konopatzky, Debora Peppel, Alexander Klutzny",Sebastian Klussmann,01 Min. 45 Sek.,"Ramin, Debora mit 16 + 1 Punkten",055.500 €,,,
301,91,18. Sep. 2018,"Peter d’Alessio, Gabriele (Rela) von Sobeck, Friedrich Wegmann, Monika Röseler",Sebastian Jacoby,09 Punkte,"Peter, Rela mit 15 + 6 Punkten",005.500 €,,,
302,92,19. Sep. 2018,"Sabine Pagel, Thomas Schnegelsberg, Marcus Berndt, Isabell Kirsten",Thomas Kinne,01 Min. 13 Sek.,"Sabine, Thomas mit 11 Punkten",005.500 €,,,
303,93,20. Sep. 2018,"Christian Graeff, Christa Neuendorf, Herbert Jaschke, Louissa Fleischhut",Klaus Otto Nagorsnik,10 Punkte,"Christian, Christa mit 13 + 5 Punkten",008.500 €,,,
304,94,21. Sep. 2018,"Angelika Grosse, Oliver Hehr, Ulrike Funk, Kasimir Eckhardt",Thomas Kinne,01 Min. 45 Sek.,"Angelika, Ulrike mit 11 + 2 Punkten",021.500 €,,,
305,95,24. Sep. 2018,"Tom Hornuff, Jasmin Zimmermann, Sara-Louise Behlich, Daniel Reckel",Klaus Otto Nagorsnik,01 Min. 52 Sek.,Tom mit 7 + 1 Punkten,002.000 €,,,
306,96,25. Sep. 2018,"Michael Abbink, Elisa Heuser, Dagmar Brettschneider, Moritz Göttel",Sebastian Klussmann,01 Min. 50 Sek.,Dagmar mit 8 + 1 Punkten,004.500 €,,,
307,97,26. Sep. 2018,"Felix Schmidt, Monika Kruse, Christina Fries, Mirco Schulz",Manuel Hobiger,01 Min. 44 Sek. (fehlerlos),"Felix, Monika mit 9 Punkten",005.000 €,,,
308,98,27. Sep. 2018,"Roland Fink, Nada Dvorsak, Maximilian Aracena, Nadine Neumann",Thomas Kinne,10 Punkte,"Maximilian, Nadine mit 13 + 3 Punkten",021.500 €,,,
309,99,28. Sep. 2018,"Nasreddine (Nasri) Chaali, Anneke Kröger, Caroline Pawlik, Daniel Dolesik",Sebastian Jacoby,01 Min. 45 Sek.,Nasri (alle ausgeschieden) mit 13 + 2 Punkten,000.500 €,,,
310,01,18. Juni 2019,"Anija Büttner, Friedrich „Fritz“ Burger, Bernd Albrecht, Hannah Bauer",Klaus Otto Nagorsnik,13 Punkte,Bernd (alle ausgeschieden) mit 14 + 2 Punkten,000.500 €,,,
311,02,19. Juni 2019,"Anika Keil, Thomas Beier, Clemens Ernst Kischko, Nina Becker",Sebastian Jacoby,01 Min. 25 Sek.,Thomas mit 15 Punkten,003.000 €,,,
312,03,20. Juni 2019,"Carsten Clauer, Cornelia Horn, Timo Münzing, Jeannine Sennewald",Thomas Kinne,01 Min. 31 Sek.,"Carsten, Cornelia, Timo, Jeannine mit 12 + 2 Punkten",011.000 €,,,
313,04,21. Juni 2019,"Tina Gehrke, Uwe Fuchs, Manuela Blattner, Andreas Büdenbender",Sebastian Klussmann,01 Min. 33 Sek. (fehlerlos),Manuela mit 5 Punkten,003.000 €,,,
314,05,21. Juni 2019,"Marion Sprogis, Peter Berg, Franziska Dietz, Mario Below",Manuel Hobiger,01 Min. 41 Sek.,"Marion, Franziska, Mario mit 14 + 2 Punkten",011.000 €,,,
315[Anm. 8][19],06,22. Juni 2019,"Martina Kähler, Christoph Creutz, Susanne Stolpmann, Dorian Memmer",Klaus Otto Nagorsnik,01 Min. 53 Sek.,"Christoph, Dorian mit 13 + 1 Punkten",020.001 €,,,
316,07,25. Juni 2019,"Thomas Barth, Tami Beer, Renate Boos, Oliver Neumann",Klaus Otto Nagorsnik,01 Min. 51 Sek.,"Renate, Oliver mit 13 + 2 Punkten",031.500 €,,,
317,08,26. Juni 2019,"David Schmalstieg, Christine Haase, Beate Büchner, Florian Christiansen",Sebastian Jacoby,01 Min. 15 Sek.,"Christine, Beate mit 10 + 1 Punkten",007.500 €,,,
318,09,27. Juni 2019,"Volker Bammel, Elena Martinez, Carina Bayer, Christoph Clausen",Klaus Otto Nagorsnik,15 Punkte,"Volker, Elena mit 17 + 2 Punkten",007.500 €,,,
319,010,28. Juni 2019,"Nancy Hanschmann, Hartmut Döhl, Sabine Zimmermann, Bodo Hübner",Sebastian Klussmann,01 Min. 45 Sek.,"Nancy, Hartmut mit 13 + 2 Punkten",007.500 €,,,
320,011,28. Juni 2019,"Manuel Andre, Sappho Çoban, Claudia Hillebrand-Adam, Jan de Cat",Thomas Kinne,01 Min. 14 Sek.,"Manuel, Sappho, Jan mit 11 Punkten",009.500 €,,,
321,012,1. Juli 2019,"Anna Ewald, Denis Buron, Heike Hoffmann, Peter Freund",Sebastian Jacoby,01 Min. 42 Sek.,"Anna, Heike, Peter mit 14 + 3 Punkten",030.000 €,,,
322,013,2. Juli 2019,"Jessica Hahn, Simon Bleckmann, Stefanie Hartmann, Knut Gailus",Sebastian Klussmann,09 Punkte,"Jessica, Simon, Knut mit 15 + 7 Punkten",034.000 €,,,
323,014,3. Juli 2019,"Monika Bürgel, Jan Alsleben, Elke Lehnert, Gerd Hüllenkremer",Manuel Hobiger,01 Min. 25 Sek.,"Monika, Elke mit 11 + 2 Punkten",006.000 €,,,
324,015,4. Juli 2019,"Sophia Voronin, Hans-Jürgen Domnick, Irene Ritthammer, Christof Bango",Sebastian Klussmann,01 Min. 38 Sek.,"Sophia, Irene mit 15 + 1 Punkten",030.500 €,,,
325,016,5. Juli 2019,"Jürgen Wittmann, Evelyn Lappel, Bernd Beigl, Birgit Klaus-Grande",Klaus Otto Nagorsnik,01 Min. 47 Sek.,"Jürgen, Evelyn, Birgit mit 15 + 1 Punkten",029.500 €,,,
326,017,5. Juli 2019,"Alexandra Hohmann, Klaus-Peter Pinnisch, Gabriele Kammler, Jaques Hendrik Scharpenack",Sebastian Jacoby,17 Punkte,"Gabriele, Jaques mit 20 + 4 Punkten",008.000 €,,,
327,018,8. Juli 2019,"Radoje Kresoja, Nina Schenk, Daniel Bauer, Christina Lucia Eichmann",Sebastian Klussmann,01 Min. 36 Sek.,"Nina, Daniel, Christina mit 16 Punkten",024.000 €,,,
328,019,9. Juli 2019,"Margrid Martens, Stefan Bosch-Faerber, Caroline Löser, Manfred Bauer",Sebastian Jacoby,01 Min. 47 Sek.,"Margrid, Stefan, Manfred mit 19 + 1 Punkten",032.000 €,,,
329,020,10. Juli 2019,"Patrick Uhlmann, Marina Marschner, Katharina Frank, Klaus Barton",Manuel Hobiger,15 Punkte,Katharina mit 17 + 2 Punkten,025.000 €,,,
330,021,11. Juli 2019,"Jochen Brockmeier, Elisabeth Benninghof, Christa Strüber, Carsten Gülzow",Klaus Otto Nagorsnik,01 Min. 21 Sek.,"Jochen, Christa, Carsten mit 14 Punkten",030.500 €,,,
331,022,12. Juli 2019,"Danny Gerstle, Laura Casper, Herbert Franken, Ursula Schreiber",Sebastian Jacoby,10 Punkte,"Danny, Laura, Herbert mit 19 + 5 Punkten",008.000 €,,,
332,023,12. Juli 2019,"Barbara Köhler, Stefan Hagemann, Britta Seifert, Günter Ziflus",Thomas Kinne,15 Punkte,"Barbara, Stefan, Günter mit 19 + 5 Punkten",011.500 €,,,
333,024,15. Juli 2019,"Günther Knauthe, Astrid Gardemann, Albrecht Fribolin, Anja Becker",Sebastian Jacoby,01 Min. 27 Sek.,"Günther, Astrid, Albrecht, Anja mit 15 + 1 Punkten",014.500 €,,,
334,025,16. Juli 2019,"Hannelore Hasenbank, Hannes Knüppel, Ezgi Adigüzel, Felix Brand",Sebastian Klussmann,01 Min. 37 Sek.,Hannes mit 13 + 2 Punkten,003.500 €,,,
335,026,17. Juli 2019,"Benjamin Timm, Sandra Ulrich, Marina Staab, Karl-Heinz Dickmann",Thomas Kinne,01 Min. 55 Sek.,"Sandra, Karl-Heinz mit 14 + 2 Punkten",033.000 €,,,
336,027,18. Juli 2019,"Fatima Azmani, Johannes Meyer, Sehri Schmidt, Christoph Schaal-Breite",Sebastian Klussmann,11 Punkte,"Johannes, Sehri mit 14 + 3 Punkten",024.000 €,,,
337,028,19. Juli 2019,"Corinna Schmieder, Marc Hötting, Christina Mirlach, Daniel Keßler",Klaus Otto Nagorsnik,01 Min. 13 Sek.,"Marc, Christina mit 13 + 1 Punkten",006.000 €,,,
338,029,19. Juli 2019,"Markus Foos, Angelika Pletschacher, Oliver Weißhuber, Miriam Bruder",Sebastian Jacoby,01 Min. 28 Sek.,"Angelika, Oliver mit 15 + 1 Punkten",008.000 €,,,
XXL 5,S1,20. Juli 2019,"Team 1: Barbara Becker, Jürgen Tarrach, Barbara Wussow, Pascal Hens",Sebastian Jacoby,01 Min. 11 Sek.,"Barbara, Barbara, Pascal mit 9 + 1 Punkten",029.000 €,,,
XXL 5,S1,20. Juli 2019,"Team 2: Gitte Haenning, Katharina Wackernagel, Max von Thun, Kaya Yanar",Thomas Kinne,01 Min. 37 Sek.,"Gitte, Katharina, Max, Kaya mit 17 + 1 Punkten",034.000 €,,,
XXL 5,S1,20. Juli 2019,"Team 3: Oliver Pocher, Ulla Kock am Brink, Maria Ketikidou, Sasha",Klaus Otto Nagorsnik,01 Min. 10 Sek.,"Oliver, Ulla, Maria mit 12 Punkten",021.500 €,,,
XXL 5,S1,20. Juli 2019,"Team 4: Felix von Jascheroff, Jasmin Wagner, Nia Künzer, Abdelkarim",Sebastian Klussmann,01 Min. 46 Sek.,Felix mit 9 Punkten,010.000 €,,,
339,030,22. Juli 2019,"Stefan Friedrich, Erna Bem-von Rekowski, Rainer Bigalk, Marion Göllner",Sebastian Klussmann,18 Punkte,"Stefan, Rainer, Marion mit 19 + 2 Punkten",027.500 €,,,
340,031,23. Juli 2019,"Walter Siegemund, Carolin Adams, Andreas Fischer, Stefanie „Ella“ Kahnke",Klaus Otto Nagorsnik,01 Min. 44 Sek.,"Walter, Andreas mit 17 + 1 Punkten",007.500 €,,,
341,032,24. Juli 2019,"Katja Müller, Jürgen Naeve, Katrin Steffens, Aleksandar Bajic",Manuel Hobiger,01 Min. 46 Sek.,Katja mit 12 + 3 Punkten,003.000 €,,,
342,033,25. Juli 2019,"Wolfgang Fischer, Elena Maria Elisabeth Kiesel, Doris Rottmann, Klaus Kluth",Sebastian Jacoby,01 Min. 41 Sek. (fehlerlos),"Wolfgang, Doris mit 10 Punkten",006.500 €,,,
343,034,26. Juli 2019,"Sandra Schwarz, Harald Jüngst, Sabine Hein, Dennis Kneppel",Manuel Hobiger,01 Min. 21 Sek.,Dennis mit 12 Punkten,002.000 €,,,
344,035,26. Juli 2019,"Lennart Hamann, Claudia Bayerl, Nicole Schmidt, Felix Klarmann",Sebastian Klussmann,01 Min. 27 Sek.,Felix mit 13 + 1 Punkten,016.000 €,,,
345,036,29. Juli 2019,"Dr. Gabriele Schenk, Markus Kinzel, Anke Kleinecke, Robert Hynek",Sebastian Jacoby,01 Min. 56 Sek.,"Gabriele, Markus mit 11 Punkten",014.500 €,,,
346,037,30. Juli 2019,"Denise Durand, Steffen Boettcher, Bärbel Ralf, Dietmar Dublasky",Klaus Otto Nagorsnik,01 Min. 20 Sek.,Steffen mit 8 + 1 Punkten,002.500 €,,,
347,038,31. Juli 2019,"Christine Benn, Thomas Dahm, Kati Wenzl, André Borning",Manuel Hobiger,01 Min. 06 Sek.,"Christine, Thomas, André mit 12 + 1 Punkten",008.500 €,,,
348,039,1. Aug. 2019,"Josip Kolobaric, Natascha Wittig, Johannes Schepelmann, Astrid Spiegel",Sebastian Klussmann,01 Min. 46 Sek.,Astrid (alle ausgeschieden) mit 9 Punkten,000.500 €,,,
349,040,2. Aug. 2019,"Nora Ortmann, Joachim Wolter, Gabriele Golombiewski, Matthias Schier",Sebastian Jacoby,10 Punkte,"Nora, Gabriele mit 13 + 6 Punkten",021.500 €,,,
350,041,2. Aug. 2019,"Michaela Wendt, Julian Genisi, Laura Zipf, Nils-Kristian Kamann",Klaus Otto Nagorsnik,01 Min. 22 Sek.,"Michaela, Nils-Kristian mit 15 Punkten",004.050 €,,,
351,042,5. Aug. 2019,"Josephine Hartfiel, Daniel Hilker, Doris Hendak, Jan Rosenboom",Klaus Otto Nagorsnik,01 Min. 29 Sek.,"Doris, Jan mit 14 + 1 Punkten",030.333 €,,,
352,043,6. Aug. 2019,"Dorothea Christiane „Doro“ Liesener, Jürgen Harder, Florentine Friedrich, Niclas Schell",Sebastian Jacoby,13 Punkte,"Doro, Jürgen, Florentine, Niclas mit 19 + 3 Punkten",025.500 €,,,
353,044,7. Aug. 2019,"René Herklotz, Audrey Rodtgard, Herbert Garisch, Linda Schock",Thomas Kinne,01 Min. 23 Sek.,Audrey mit 11 Punkten,003.000 €,,,
354,045,8. Aug. 2019,"Thomas Simon, Charlotte Leidiger, Norbert Donker, Angela Bern",Klaus Otto Nagorsnik,12 Punkte,"Thomas, Angela mit 16 + 4 Punkten",024.000 €,,,
355,046,9. Aug. 2019,"Sonja Winkler, Sven Matthiessen, Dagmar Marquigny, Detlev Herzig",Sebastian Klussmann,01 Min. 01 Sek. (fehlerlos),Sonja mit 12 Punkten,002.500 €,,,
356,047,9. Aug. 2019,"Zekije Amiti, Jörg Dürckheimer, Katja Kunz, Jonas Schmidt",Sebastian Jacoby,01 Min. 51 Sek.,"Zekije, Jörg, Katja, Jonas mit 15 + 2 Punkten",012.000 €,,,
357,048,12. Aug. 2019,"Marwin Canpolat, Wilma Wojtzik, Helmuth Bohn, Sandra Falz",Thomas Kinne,01 Min. 19 Sek.,"Marwin, Helmut mit 13 + 1 Punkten",004.000 €,,,
358,049,13. Aug. 2019,"Volker Böge, Nadine Zabel, Daniel Griese, Michaela Hett",Sebastian Jacoby,02 Min.,Nadine (alle ausgeschieden) mit 15 + 3 Punkten,000.500 €,,,
359,050,14. Aug. 2019,"Jürgen Heger, Anja Kühler, Toni Scharf, Marlis Seelmann",Sebastian Klussmann,01 Min. 46 Sek.,"Jürgen, Anja, Marlis mit 13 + 3 Punkten",011.500 €,,,
360,051,15. Aug. 2019,"Birgit Hoppe, Kay Lenze, Dorothée Lampert, Max Diehm",Sebastian Klussmann,16 Punkte,"Dorothée, Max mit 17 + 1 Punkten",033.000 €,,,
361,052,16. Aug. 2019,"Hans Mitschke, Eleni Scholze, Christian Reichert, Nicole Hudman",Klaus Otto Nagorsnik,01 Min. 46 Sek.,Christian mit 15 + 2 Punkten,017.500 €,,,
362,053,16. Aug. 2019,"Fausto Pintus, Sabine Neis, Inga Lamprecht, Uwe Werner Alfred Bittner",Manuel Hobiger,01 Min. 29 Sek.,"Fausto, Sabine mit 14 + 1 Punkten",006.000 €,,,
363,054,19. Aug. 2019,"Pascal Schuster, Bianca Eifert-Koch, Ulrich Börder, Nicolle Hofmann",Thomas Kinne,01 Min. 48 Sek.,"Bianca, Ulrich, Nicolle mit 16 + 1 Punkten",026.500 €,,,
364,055,20. Aug. 2019,"Claus Klöckner, Cindy Lembke, Tobias Ulrich, Helga Roth",Klaus Otto Nagorsnik,01 Min. 20 Sek.,Cindy mit 10 Punkten,002.000 €,,,
365,056,21. Aug. 2019,"Stefanie Kunde, Torsten Bär, Carolin Weber, Daniel Kubsa",Sebastian Jacoby,01 Min. 27 Sek.,"Stefanie, Daniel mit 11 + 1 Punkten",008.500 €,,,
366,057,22. Aug. 2019,"Dietmar Broicher, Claudia Nickels, Christian Becker, Katharina Biber",Sebastian Klussmann,06 Punkte,"Dietmar, Christian, Katharina mit 16 + 8 Punkten",035.500 €,,,
367,058,23. Aug. 2019,"Franz Nübel, Marie-Luise Brzeski, Robert Biermeier, Anja Bernard",Manuel Hobiger,01 Min. 34 Sek.,"Franz, Marie-Luise, Anja mit 15 + 1 Punkten",030.500 €,,,
368,059,23. Aug. 2019,"Aramis (Roger) Caderousse, Jutta Mertens, Michael Bauer, Egzona Bahtiri",Klaus Otto Nagorsnik,01 Min. 51 Sek.,Aramis (alle ausgeschieden) mit 9 + 3 Punkten,000.500 €,,,
369,060,26. Aug. 2019,"Gabriele Zelle, Denis Karimani, Kristina Fünfer, Hans-Werner Dörr",Sebastian Jacoby,01 Min. 10 Sek.,"Gabriele, Denis mit 11 Punkten",005.500 €,,,
370,061,27. Aug. 2019,"Werner Hesselink, Susanne Roth, Steffen Klawitter, Anne Brandt",Thomas Kinne,06 Punkte,"Werner, Anne mit 15 + 6 Punkten",062.000 €,,,
371,062,28. Aug. 2019,"Manuela Kießl, Mathias Ehrich, Piera Baldari, Marcel Schirnweg",Klaus Otto Nagorsnik,01 Min. 56 Sek.,"Manuela, Mathias, Marcel mit 11 + 4 Punkten",017.500 €,,,
372,063,29. Aug. 2019,"Bianca Popa, Markus Fehlow, Tanja Schmidt, Florian Schirk",Manuel Hobiger,11 Punkte,"Markus, Tanja mit 15 + 4 Punkten",006.000 €,,,
373,064,30. Aug. 2019,"Marion Flach, Branimir Sunjic, Simone Maier, Thomas Simon",Thomas Kinne,01 Min. 40 Sek.,"Marion, Branimir mit 11 Punkten",006.500 €,,,
374,065,30. Aug. 2019,"Wolfgang Kahner, Monique Schlichting, Marco Marzano, Beate Weise",Sebastian Klussmann,01 Min. 16 Sek.,"Wolfgang, Beate mit 13 Punkten",009.000 €,,,
375,066,2. Sep. 2019,"Miguel Cifuentes Perello, Petra Kohl, Rene Maassen, Claudia Krafczyck",Sebastian Jacoby,01 Min. 49 Sek.,"Miguel, Claudia mit 7 + 1 Punkten",008.500 €,,,
376,067,3. Sep. 2019,"Andrea Drespling, Kawe Kukreja, Annette Bauer, Udo Birk",Thomas Kinne,01 Min. 45 Sek.,"Andrea, Kawe, Annette, Udo mit 14 + 1 Punkten",036.500 €,,,
377,068,4. Sep. 2019,"Aneke Dormbusch, Sven Vogel, Ann Katrin Kegel, Adrian Krull",Klaus Otto Nagorsnik,08 Punkte,"Aneke, Ann Katrin, Adrian mit 16 + 5 Punkten",012.000 €,,,
378,069,5. Sep. 2019,"Christopher „Chris“ Hopert, Pia Barth, Stefan Jürgensen, Leni Brem-Kiel",Sebastian Klussmann,01 Min. 41 Sek.,"Chris, Leni mit 13 + 1 Punkten",008.000 €,,,
379,070,6. Sep. 2019,"Hans-Jürgen Bracker, Ramona Sturm, Felix Gottwald, Sybille Jüthner",Sebastian Jacoby,13 Punkte,"Hans-Jürgen, Ramona, Felix mit 20 + 4 Punkten",037.000 €,,,
380,071,6. Sep. 2019,"Lars Siegler, Sarangerel Dashjav, Frank Fibikar, Nathalie Palotz",Sebastian Klussmann,01 Min. 50 Sek.,"Lars, Sarangerel, Nathalie mit 17 Punkten",010.000 €,,,
381,072,9. Sep. 2019,"Estibaliz Bössem, Marie-Luise Leberke, Vivica Schwan, Erin Stickler",Sebastian Klussmann,01 Min. 17 Sek.,Marie-Luise (alle ausgeschieden) mit 8 + 3 Punkten,000.500 €,,,
382,073,10. Sep. 2019,"Bettina Hofmann, André Hartien, Marie Wolf, Lukas A. Scheible",Klaus Otto Nagorsnik,17 Punkte,"Bettina, André, Marie mit 18 + 2 Punkten",008.500 €,,,
383,074,11. Sep. 2019,"Manuela Erb, Michael Hagemann, Luise Hauck, Hagen Führer",Thomas Kinne,07 Punkte,"Manuela, Michael, Hagen mit 18 + 7 Punkten",038.000 €,,,
384,075,12. Sep. 2019,"Anna-Sofie Dusartz, Helga Gräf, Berenike Klapper, Edith Sepehr-Maleky",Sebastian Jacoby,01 Min. 48 Sek.,"Anna-Sofie, Helga, Berenike, Edith mit 15 + 3 Punkten",021.500 €,,,
385,076,13. Sep. 2019,"Christel Besold, Florian Frings, Sarah Baldewig, Michael Dedio",Sebastian Klussmann,05 Punkte 0(8 nötig),"Christel, Florian mit 7 + 6 Punkten",004.000 €,,,
386,077,13. Sep. 2019,"Elke Damm, Philipp Stahlschmitt, Angeliki Muskietorz, Thomas Holler",Manuel Hobiger,01 Min. 45 Sek.,Angeliki mit 17 + 1 Punkten,004.000 €,,,
387,078,16. Sep. 2019,"Angelika Durieux, Enno Ladewig, Jasmin Heun, Wolfgang Jost",Klaus Otto Nagorsnik,016 Punkte,"Angelika, Enno, Wolfgang mit 17 + 2 Punkten",011.500 €,,,
388,079,17. Sep. 2019,"Irene Diemel-Timmermeister, Hendrik Hoenen, Vanessa Newinscheni, Lars Franke",Sebastian Klussmann,01 Min. 14 Sek.,Irene mit 8 + 2 Punkten,002.500 €,,,
389,080,18. Sep. 2019,"Wolf-Peter Geier, Kristin Rau, Tobias Scheel, Corinna Beckmann",Manuel Hobiger,08 Punkte,"Wolf-Peter, Tobias mit 16 + 4 Punkten",007.500 €,,,
390,081,19. Sep. 2019,"Edmund Stolze, Christiane Köhler, Konstantinos „Kosta“ Kopidakis, Daniela Biela",Thomas Kinne,01 Min. 54 Sek.,"Edmund, Christiane, Kosta, Daniela mit 16 + 1 Punkten",015.500 €,,,
391,082,20. Sep. 2019,"Stephania Fischer, André Krabbenhöft, Michaela Häusler, Dirk Grotkaß",Klaus Otto Nagorsnik,01 Min. 14 Sek.,Stephania mit 11 Punkten,010.000 €,,,
392,083,20. Sep. 2019,"Sigrid Hahnke, Samuel Tresp, Tanja Plach, Benjamin Eberling",Sebastian Jacoby,01 Min. 37 Sek. 0(14 nötig),"Sigrid, Benjamin mit 13 + 2 Punkten",004.000 €,,,
393[Anm. 9],084,23. Sep. 2019,"Klaus Hudert, Olga Ebel, Stefan Götz, Ottilla Ehren",Klaus Otto Nagorsnik,10 Punkte (zuvor 1 Min. 58 Sek.),"Olga, Stefan mit 11 + 2 Punkten",005.000 €,,,
394,085,24. Sep. 2019,"Helga Burki, Christian Frei, Franziska Fischer, Thorsten Koß",Manuel Hobiger,01 Min. 52 Sek.,Thorsten mit 15 + 3 Punkten,060.000 €,,,
395,086,25. Sep. 2019,"Nico Dehn, Beatrix Hieber, Gerrit Dolle, Caroline Brückner",Sebastian Jacoby,01 Min. 06 Sek. (fehlerlos),"Nico, Gerrit, Caroline mit 15 Punkten",007.500 €,,,
396,087,26. Sep. 2019,"Sybille Hartmann, Sebastian Klaus, Julia Schlosser, Stefan Fischer",Sebastian Klussmann,01 Min. 13 Sek.,"Sybille, Sebastian mit 10 + 1 Punkten",007.000 €,,,
397[Anm. 10][20],088,4. Jan. 2020,"Nathalie Braun, Thiemo Baumann, Sindy Pantak, Uwe Fröhlich",Sebastian Klussmann,01 Min. 38 Sek.,Uwe mit 13 + 1 Punkten,003.000 €,,,
398[Anm. 11],089,4. Jan. 2020,"Maria Hahn, Thorsten Claus, Michaela Hoppe, Mark Geberth-Hindermeyer",Sebastian Jacoby,01 Min. 31 Sek. (fehlerlos),Maria mit 7 Punkten,002.000 €,,,
XXL 6,S1,18. Apr. 2020,"Team 1: Helga Sitzmann, Pascal Müller, Jule Wülfken, Frank Petersilie",Sebastian Klussmann,01 Min. 23 Sek.,"Pascal, Frank mit 14 + 1 Punkten",010.000 €,,,
XXL 6,S1,18. Apr. 2020,"Team 2: Peter Wulwert, Olaf Kieslich, Torsten Tognotti, Anja Geber",Sebastian Jacoby,14 Punkte,"Olaf, Torsten, Anja mit 16 + 3 Punkten",040.000 €,,,
XXL 6,S1,18. Apr. 2020,"Team 3: Helga Wogatzki, Patrick Ganter, Anja Inhuber, Manfred",Sebastian Klussmann,13 Punkte 0(17 nötig),"Patrick, Anja, Manfred mit 16 + 3 Punkten",008.500 €,,,
399[Anm. 12],01,4. Mai 2020,"Fred Groth, Julia Seidel, Kai Kemmerzehl, Michaela Winkler",Klaus Otto Nagorsnik,01 Min. 44 Sek.,"Julia, Kai, Michaela mit 12 + 2 Punkten",021.000 €,,,
400,02,5. Mai 2020,"Manuel Stehlig, Vanessa Danschke, Felix Ulrich, Karin Lange",Sebastian Klussmann,01 Min. 56 Sek.,"Manuel, Vanessa mit 10 + 2 Punkten",006.000 €,,,
401,03,6. Mai 2020,"Michael Merkens, Silvia Büttner, Adrian Furtwängler, Simone Henke",Manuel Hobiger,04 Punkte 0(14 nötig),"Michael, Silvia, Adrian mit 13 + 5 Punkten",017.500 €,,,
402,04,7. Mai 2020,"Martina Freund-Krueger, Tobias Gollub, Laura Stratopoulos, Rainer Koslowski",Sebastian Jacoby,01 Min. 27 Sek.,"Martina, Laura, Rainer mit 12 Punkten",012.500 €,,,
403,05,8. Mai 2020,"Andrea Strelow, Thorben Lohse, Janine Gerleve, Michael Henrich",Thomas Kinne,01 Min. 26 Sek.,Janine mit 13 Punkten,004.500 €,,,
404,06,11. Mai 2020,"Knut Hartmann, Vanessa Wolf, Roland Hawlata, Heike Kronen",Sebastian Jacoby,01 Min. 44 Sek.,"Knut, Heike mit 13 + 1 Punkten",008.500 €,,,
405,07,12. Mai 2020,"Alva Dittrich, Joachim Schroetter, Doris Hilberger, Anthony Behrendt",Thomas Kinne,01 Min. 38 Sek.,"Alva, Joachim, Doris, Anthony mit 15 Punkten",015.500 €,,,
406,08,13. Mai 2020,"Dietrich Eckhardt, Nadine Engel, Tim Bachmann, Yvonne Raab",Klaus Otto Nagorsnik,14 Punkte,"Dietrich, Nadine, Tim mit 17 + 2 Punkten",011.500 €,,,
407,09,14. Mai 2020,"Daniel Haverkotte, Sandra Eder, Thomas Birkhahn, Gabi Gold",Manuel Hobiger,01 Min. 43 Sek.,"Sandra, Thomas, Gabi mit 12 + 2 Punkten",010.500 €,,,
408,010,15. Mai 2020,"Gerhard Koch, Stefanie Kaiser, Stefan Pagger, Katja Kleideiter",Sebastian Klussmann,01 Min. 19 Sek.,"Stefan, Katja mit 9 + 2 Punkten",008.000 €,,,
409,011,18. Mai 2020,"Horst Krämer, Julia Lata, Daniel Blom, Silke von Olnhausen",Sebastian Jacoby,16 Punkte,"Julia, Daniel, Silke mit 18 + 4 Punkten",006.000 €,,,
410[21],012,19. Mai 2020,"André Bürvenich, Julia Jung, Sebastian Lhotzky, Jana Klasberg",Klaus Otto Nagorsnik,01 Min. 47 Sek.,André mit 13 + 2 Punkten,005.500 €,,,
411,013,20. Mai 2020,"Renate Pötter, Philip Avdimetaj, Heike Heins, Klaus-Dieter Rudolph",Sebastian Klussmann,09 Punkte,"Renate, Philip, Klaus-Dieter mit 13 + 5 Punkten",014.500 €,,,
412,014,22. Mai 2020,"Matthias Köhler, Saskia Keil, Stefan Tomforde, Jasmin Trattner",Sebastian Jacoby,01 Min. 42 Sek.,"Saskia, Stefan mit 15 + 3 Punkten",008.000 €,,,
413,015,25. Mai 2020,"Michael Wunderlich, Rebecca Kraus, Maximilian Aicher, Heidi Freida-Bongartz",Klaus Otto Nagorsnik,01 Min. 19 Sek.,"Rebecca, Maximilian, Heidi mit 13 Punkten",016.000 €,,,
414,016,26. Mai 2020,"Sieglinde Vonau, Matthias Führ, Benita Reimer, Mehmet Izzet Uygun",Manuel Hobiger,14 Punkte,"Matthias, Benita mit 15 + 3 Punkten",006.000 €,,,
415,017,27. Mai 2020,"Hans Jörg Seiler, Margret Joswig, Oliver Krüger, Tina Trippens",Sebastian Klussmann,01 Min. 49 Sek. (fehlerlos),"Hans-Jörg, Oliver, Tina mit 10 Punkten",023.000 €,,,
416,018,28. Mai 2020,"Bettina Meyer, Sven Rohwetter, Lea Rohde, Uwe Wieser",Sebastian Jacoby,01 Min. 21 Sek.,Sven mit 12 + 1 Punkten,003.500 €,,,
417,019,29. Mai 2020,"Gerda Koltermann, Oliver Gahr, Walter Fedder, Bianca Flier",Thomas Kinne,01 Min. 27 Sek.,"Gerda, Oliver, Walter mit 14 + 1 Punkten",020.000 €,,,
418,020,2. Juni 2020,"Patrick Müller, Sabine Winter, Aniko Juhasz, Tobias Jäser",Sebastian Jacoby,01 Min. 05 Sek. (fehlerlos),"Aniko, Tobias mit 13 Punkten",005.000 €,,,
419,021,3. Juni 2020,"Petra Lehmann, David Sommer, Maja Hullmann, Armin Sabol",Manuel Hobiger,01 Min. 44 Sek.,"Petra, Maja, Armin mit 15 + 1 Punkten",034.000 €,,,
420,022,4. Juni 2020,"Melanie Sternberg, Jörg Scheithauder, Jessica Krzonkalla, Paul Bruch",Klaus Otto Nagorsnik,02 Min.,"Melanie, Jessica, Paul mit 13 + 2 Punkten",013.000 €,,,
421,023,5. Juni 2020,"Heike Amend, Helge Lorenz, Katrin Beckstein, Damir Pavic",Sebastian Jacoby,01 Min. 32 Sek.,"Heike, Helge, Katrin, Damir mit 13 + 2 Punkten",016.000 €,,,
422,024,8. Juni 2020,"Joachim Schmidt, Kathrin Zürl, Matthias Scheer, Marie Luise Schmitz",Sebastian Jacoby,01 Min. 53 Sek.,"Joachim, Kathrin mit 17 + 2 Punkten",009.000 €,,,
423,025,9. Juni 2020,"Reinhard Wiegel, Anna Catharina Bircher, Daniel Glang, Nicola Jahn",Sebastian Klussmann,14 Punkte,"Reinhard, Nicola mit 15 + 1 Punkten",008.500 €,,,
424,026,10. Juni 2020,"Sabina Doyen, Christian Emter, Christiane Hausdorf, Frank Haberkamp",Thomas Kinne,17 Punkte,"Christian, Christiane, Frank mit 18 + 1 Punkten",026.500 €,,,
425,027,11. Juni 2020,"Lara Kölle, Björn Kraft, Astrid Naujoks, Tim Esser",Klaus Otto Nagorsnik,01 Min. 11 Sek.,"Lara, Astrid, Tim mit 10 Punkten",010.000 €,,,
426,028,12. Juni 2020,"Uschi Batscheider, Florian Reikowski, Astrid Lange, Mario Abel",Sebastian Klussmann,01 Min. 16 Sek.,"Uschi, Florian, Astrid mit 14 Punkten",007.500 €,,,
427[Anm. 13][22],029,13. Juli 2020,"Thomas Höhne, Berit Palatinas, Claus Blümel, Kira Ponewaß",Sebastian Jacoby,01 Min. 39 Sek.,"Berit, Claus, Kira mit 14 + 2 Punkten",008.500 €,,,
428,030,14. Juli 2020,"Denise Mahnke, Julius Hinderfeld, Tanja Henningsen, Markus Eibel",Thomas Kinne,15 Punkte,"Julius, Tanja, Markus mit 20 + 4 Punkten",022.500 €,,,
429,031,15. Juli 2020,"Annika Smolarz, Nino Hunger, Meike Sackretz, Daniel Gerloff",Sebastian Klussmann,12 Punkte,"Annika, Nino, Meike mit 15 + 2 Punkten",010.000 €,,,
430[23],032,16. Juli 2020,"Sascha Hartwig, Gabriella Cselenyi, Tim Hobriant, Melanie Gorissen",Manuel Hobiger,01 Min. 56 Sek.,Gabriella (alle ausgeschieden) mit 10 Punkten,00 500 €,,,
431,033,17. Juli 2020,"Stephan Fehrenbach, Vanessa von Hartlieb, Thilo Fischer, Heidi Bär",Sebastian Jacoby,01 Min. 25 Sek.,"Stephan, Thilo, Heidi mit 14 + 2 Punkten",012.000 €,,,
XXL 7,S2,18. Juli 2020,"Team 1: Laura Wontorra, Matthias Matschke, Jasmin Tabatabai, Markus Krebs",Klaus Otto Nagorsnik,01 Min. 20 Sek.,Jasmin mit 15 Punkten,001.800 €,,,
XXL 7,S2,18. Juli 2020,"Team 2: Axel Stein, Gayle Tufts, Heino Ferch, Christine Urspruch",Manuel Hobiger,01 Min. 15 Sek.,Gayle mit 11 + 1 Punkten,017.000 €,,,
XXL 7,S2,18. Juli 2020,"Team 3: Anneke Kim Sarnau, Ulrich Noethen, Laura Karasek, Boris Becker",Sebastian Klussmann,01 Min. 47 Sek.,"Anneke, Ulrich mit 12 + 2 Punkten",017.000 €,,,
XXL 7,S2,18. Juli 2020,"Team 4: Malaika Mihambo, Lutz van der Horst, Verona Pooth, Gil Ofarim",Sebastian Jacoby,01 Min. 38 Sek.,Lutz mit 13 + 1 Punkten,002.000 €,,,
432,034,20. Juli 2020,"Christel Schlagewerth, Nils Hörnemann, Annika Meyer, Udo Gawenda",Thomas Kinne,17 Punkte,"Christel, Nils, Annika, Udo mit 19 + 1 Punkten",021.000 €,,,
433,035,21. Juli 2020,"Jan E. Kukielka, Giannina-Louisa Wille, Johannes Teck, Iris Strube",Sebastian Klussmann,01 Min. 30 Sek.,"Jan, Iris mit 15 + 1 Punkten",006.000 €,,,
434,036,22. Juli 2020,"Andrea Grothusen, Niklas Willuhn, Kristin Fähmel, Hans-Peter Weber",Klaus Otto Nagorsnik,01 Min. 40 Sek.,"Andrea, Niklas mit 15 + 2 Punkten",008.500 €,,,
435,037,23. Juli 2020,"Maren Dunkelau, Sören Klinger, Lisa Czymai, Tobias Bünning",Sebastian Jacoby,09 Punkte 0(22 nötig),"Sören, Lisa, Tobias mit 21 + 8 Punkten",024.500 €,,,
436,038,24. Juli 2020,"Lothar Fritz, Astrid Stumpf, Michael Schulze, Natalie Kreindlina",Klaus Otto Nagorsnik,01 Min. 55 Sek.,Natalie mit 9 Punkten,004.500 €,,,
437[Anm. 14],039,27. Juli 2020,"Gabriele Sadlack, Lutz Hühnken, Marie-Luise Lobos, Bastian Petersen",Klaus Otto Nagorsnik,08 Punkte,"Gabriele, Lutz mit 17 + 5 Punkten",008.500 €,,,
438,040,28. Juli 2020,"Benjamin Stello, Laura-Marie Begoihn, Marcel Bambach, Julia Merkes",Sebastian Jacoby,01 Min. 35 Sek.,"Benjamin, Laura-Marie, Marcel mit 16 + 1 Punkten",013.500 €,,,
439,041,29. Juli 2020,"Axel Werwy, Kathrin Hausschild, Christoph Kohns, Claudia Raddünz",Thomas Kinne,01 Min. 21 Sek.,"Axel, Claudia mit 13 Punkten",017.500 €,,,
440[24],042,30. Juli 2020,"Regina Fischer, Eike Burfeind, Michelle Kaltenecker, Volker Hunold",Klaus Otto Nagorsnik,10 Punkte,"Regina, Eike, Volker mit 20 + 6 Punkten",014.500 €,,,
441,043,31. Juli 2020,"Andreas Hädrich, Adena Ljesnjanin, Dominik Franke, Stefanie Floren",Manuel Hobiger,01 Min. 25 Sek.,"Andreas, Adena, Stefanie mit 16 Punkten",017.500 €,,,
442,044,3. Aug. 2020,"Silvia Voige, Manuel Ruben, Melissa Sell, Peter Schwendenmann",Sebastian Klussmann,01 Min. 14 Sek.,"Manuel, Melissa mit 12 Punkten",013.500 €,,,
443,045,4. Aug. 2020,"Katharina Böhler, Ted Koob, Anna Maria Kraus, Oliver Düsing",Manuel Hobiger,10 Punkte 0(13 nötig),"Katharina, Anna Maria mit 12 + 5 Punkten",007.000 €,,,
444,046,5. Aug. 2020,"Werner Heuer, Lisa Schönig, Tobias Lüdiger, Gaby Wode",Klaus Otto Nagorsnik,01 Min. 25 Sek.,"Werner, Gaby mit 11 + 2 Punkten",008.000 €,,,
445,047,6. Aug. 2020,"Martha Lewandowski, Günther Tribukalt, Tatjana Mitkos, Kai Pingel",Thomas Kinne,14 Punkte,"Martha, Günther, Tatjana mit 15 + 2 Punkten",009.500 €,,,
446,048,7. Aug. 2020,"Jutta Wolfseher, Philipp Kuhr, Dr. Andrea Herrmann, Uwe Heidner",Sebastian Jacoby,01 Min. 30 Sek.,"Jutta, Uwe mit 14 + 2 Punkten",004.500 €,,,
447,049,10. Aug. 2020,"Ulrich Harmgarth, Eva Redlingshöfer, Florian Karschen, Marina Cataldi",Klaus Otto Nagorsnik,01 Min. 51 Sek.,"Ulrich, Marina mit 13 + 2 Punkten",006.000 €,,,
448,050,11. Aug. 2020,"Rainer Ahrens, Waltraud Wulfhorst, Patrik Huch, Corinna Heyde",Thomas Kinne,14 Punkte 0(15 nötig),Rainer mit 14 + 3 Punkten,009.000 €,,,
449,051,12. Aug. 2020,"Veronika Straßer, Jonas Swelim, Tanja Terörde, Oliver Döscher",Sebastian Jacoby,01 Min. 20 Sek.,Oliver mit 16 Punkten,020.000 €,,,
450,052,13. Aug. 2020,"Kai Meinschien, Ramesch Malik, Bernd Potsch, Katrin Espeter",Manuel Hobiger,01 Min. 32 Sek.,"Kai, Katrin mit 15 + 1 Punkten",005.000 €,,,
451,053,14. Aug. 2020,"Patrick Orth Marquard, Jennifer Andreae, Michael Funk, Anemone Schlüter",Sebastian Klussmann,01 Min. 32 Sek.,Anemone mit 13 Punkten,015.000 €,,,
452,054,17. Aug. 2020,"Guido Marquardt, Holger Krause, Patricia Jürgens, Susi Braun",Sebastian Klussmann,16 Punkte,"Guido, Holger, Patricia, Susi mit 23 + 4 Punkten",020.500 €,,,
453,055,18. Aug. 2020,"Steffen Hendrik Pein, Ivonne Fleischhauer, Jörg Langrock, Carina Spreitzer",Klaus Otto Nagorsnik,01 Min. 13 Sek.,"Steffen, Ivonne, Jörg mit 14 Punkten",018.000 €,,,
454,056,19. Aug. 2020,"Jochen Rube, Paula Meyer, Jan Porwitzki, Daniela Engelmann",Sebastian Jacoby,01 Min. 04 Sek.,"Jan, Daniela mit 13 Punkten",005.000 €,,,
455,057,20. Aug. 2020,"Petra Raad, Jannick Vollmer, Sabine Schmidt, Christian Kusche",Sebastian Klussmann,01 Min. 58 Sek.,Christian mit 11 + 1 Punkten,002.500 €,,,
456,058,21. Aug. 2020,"Ulf Teubel, Leonie Zell, Eva Hoffmann, Aron Lesnik",Manuel Hobiger,01 Min. 46 Sek.,"Ulf, Leonie, Eva, Aron mit 18 Punkten",039.000 €,,,
457,059,24. Aug. 2020,"Susann Röthke, Stefan Postler, Melanie Hessling, Florian Wolz",Sebastian Jacoby,01 Min. 29 Sek.,"Susann, Florian mit 13 + 1 Punkten",004.200 €,,,
458,060,25. Aug. 2020,"Corinna Dieckmann, Stefan Bela Maras, Sybille Lüdecke, Carsten Schultz",Klaus Otto Nagorsnik,14 Punkte,Sybille mit 15 + 2 Punkten,002.000 €,,,
459,061,26. Aug. 2020,"Christian Weiß, Theresa Loll, Carlo Fauther, Pia Alberts",Sebastian Klussmann,01 Min. 13 Sek.,Christian mit 13 Punkten,004.500 €,,,
460,062,27. Aug. 2020,"Bianca Buck, René Koch Sol Posto, Thekla Fery, Lukas Hose",Manuel Hobiger,13 Punkte,"René, Thekla, Lukas mit 15 + 3 Punkten",017.005 €,,,
461,063,28. Aug. 2020,"Andreas Vogt, Silvana Steinberg, Michael Robertz, Susanne Seitz",Thomas Kinne,01 Min. 01 Sek.,Susanne mit 11 Punkten,002.000 €,,,
462,064,31. Aug. 2020,"Alexander Hanke, Anne Nelles, Maria Jose Monotoro Fernandez, Michael Fucker",Klaus Otto Nagorsnik,01 Min. 16 Sek.,"Anne, Michael mit 12 Punkten",007.000 €,,,
463,065,1. Sep. 2020,"Luca Lanwert, Aline Masson, Alexander Kulpok, Britta Melcher",Manuel Hobiger,01 Min. 00 Sek. (fehlerlos),"Aline, Britta mit 10 Punkten",003.500 €,,,
464,066,2. Sep. 2020,"Ina Schmidt, Marcel Hosenthien, Frauke Uhlenbroock, Stefan Herbort",Thomas Kinne,12 Punkte,"Ina, Frauke, Stefan mit 19 + 4 Punkten",016.000 €,,,
465,067,3. Sep. 2020,"Dirk Singer, Andrea Reckenthäler, Jens Ehlert, Andrea Neumann",Sebastian Jacoby,01 Min. 47 Sek.,"Dirk, Andrea R. mit 16 + 3 Punkten",007.000 €,,,
466,068,4. Sep. 2020,"Peter Weihermüller, Juliane Kroner, Maximilian Aulbert, Tanja Mlakar",Sebastian Klussmann,10 Punkte 0(18 nötig),"Peter, Juliane, Maximilian, Tanja mit 17 + 7 Punkten",009.000 €,,,
467,069,7. Sep. 2020,"Paul Birkenbach, Henriette Kamm, Thorsten Facius, Irena Avilova",Sebastian Klussmann,01 Min. 42 Sek. (fehlerlos),Paul mit 9 Punkten,003.500 €,,,
468,070,8. Sep. 2020,"Norbert Peters, Therese Flämig, Kevin Lanwert, Jasmin Jabeur",Klaus Otto Nagorsnik,1 Min. 33 Sek.,"Norbert, Therese mit 15 Punkten",008.500 €,,,
469,071,9. Sep. 2020,"Ulrich Wölfer, Johanna Ballez, Tim Garbs, Christa Dorn",Manuel Hobiger,15 Punkte,"Ulrich, Johanna, Tim, Christa mit 19 + 3 Punkten",020.500 €,,,
470,072,10. Sep. 2020,"Salsabil Hamadache, Jens Fitzner, Monika Pokrandt, Daniel Arzner",Sebastian Klussmann,1 Min. 23 Sek.,"Salsabil, Monika mit 14 + 1 Punkten",017.000 €,,,
471,073,11. Sep. 2020,"Rudi Kettner, Alina Eckhoff, Linus Scholz, Alkim Ari",Sebastian Jacoby,1 Min. 18 Sek.,"Linus, Alkim mit 15 Punkten",043.000 €,,,
472,074,14. Sep. 2020,"Vitalij Dederle, Jenifer Faselt, Hubertus Hager, Norma Knopf",Manuel Hobiger,01 Min. 16 Sek. (fehlerlos),Norma mit 4 Punkten,002.500 €,,,
473,075,15. Sep. 2020,"Sven Vierk, Vera Straetmanns, Kevin Ströh, Sandra Hemberger",Sebastian Klussmann,11 Punkte,"Sven, Vera, Kevin mit 15 + 5 Punkten",020.000 €,,,
474,076,16. Sep. 2020,"Carsten Fährmeister, Christine Franzreb, Manfred Nielson, Jelena Duwe",Klaus Otto Nagorsnik,1 Min. 46 Sek.,"Carsten, Christine, Jelena mit 17 + 1 Punkten",022.000 €,,,
475,077,17. Sep. 2020,"Tim Wilberg, Anke Baumann, Lars Ruth, Barbara Jaudes",Thomas Kinne,16 Punkte,"Tim, Lars, Barbara mit 19 + 4 Punkten",009.000 €,,,
476,078,21. Sep. 2020,"Sebastian Hauck, Henriette Hecker, Hans-Joachim Klöpfel, Katrin Bürck",Sebastian Klussmann,1 Min. 53 Sek.,"Sebastian, Henriette, Hans-Joachim, Katrin mit 15 + 2 Punkten",022.500 €,,,
477,079,22. Sep. 2020,"Christa Ruppert, Michael Schade, Carmen Lein, Gottfried Kalischko",Manuel Hobiger,1 Min. 48 Sek.,"Christa, Michael mit 16 + 2 Punkten",016.500 €,,,
478,080,23. Sep. 2020,"Jens Fülling, Katharina Helmer, Simon Reiss, Connie Kreher",Thomas Kinne,16 Punkte,"Jens, Simon, Connie mit 18 + 2 Punkten",009.500 €,,,
479,081,24. Sep. 2020,"Manfred Baue, Eva Lange, Andreas Ulsamer, Barbara Speckner",Sebastian Jacoby,1 Min. 26 Sek.,Eva mit 17 Punkten,005.000 €,,,
480,082,25. Sep. 2020,"Jannik Ranft, Sabine Strehl, Christian Röhling, Claudia Pohl",Sebastian Klussmann,1 Min. 02 Sek.,"Jannik, Christian mit 10 Punkten",004.500 €,,,
481,083,28. Sep. 2020,"Matthias Mitsch, Elisabeth Gruber, Franziska Alexandre, Michael Kuhna",Manuel Hobiger,1 Min. 34 Sek.,"Matthias, Franziska, Michael mit 14 + 1 Punkten",009.000 €,,,
482,084,29. Sep. 2020,"Adrian Fricke, Hanne Koska, Ralf Müller-Arnold, Karl Seidler",Sebastian Klussmann,1 Min. 16 Sek.,Ralf mit 9 + 1 Punkten,001.500 €,,,
483,085,30. Sep. 2020,"Stefan Stang, Karoline Greve, Marcel Kamphenkel, Peggy Koschella",Sebastian Jacoby,01 Min. 51 Sek.,Marcel mit 9 Punkten,030.000 €,,,
484,086,1. Okt. 2020,"Julien Flad, Robert Oszkinat, Ursula Nöthen, Tom Kräplin-Kiank",Manuel Hobiger,1 Min. 49 Sek.,"Julien, Robert, Ursula mit 15 + 2 Punkten",006.500 €,,,
485,087,2. Okt. 2020,"Manuela Heß, Erik Maronde, Markus Hoffmann, Katharina Lewer",Sebastian Klussmann,1 Min. 50 Sek.,"Manuela, Erik, Markus, Katharina mit 16 + 1 Punkten",022.500 €,,,
486,088,5. Okt. 2020,"Johannes Hülstrung, Ulrike Rohne, Alexander Scholz, Ina Mazejus",Sebastian Jacoby,1 Min. 35 Sek.,Johannes mit 12 + 2 Punkten,005.000 €,,,
487,089,6. Okt. 2020,"Marcus-Philipp Meyer, Nurcan Aydin, Joachim Grabowski, Melanie Hilscher",Manuel Hobiger,1 Min. 27 Sek.,"Nurcan, Joachim mit 12 + 1 Punkten",005.000 €,,,
488,090,7. Okt. 2020,"Hans-Martin Kolasinski, Katharina Luger, Jan-Philipp Müller, Andrea Kunze",Sebastian Klussmann,14 Punkte,"Hans-Martin, Katharina, Jan-Philipp mit 16 + 3 Punkten",008.000 €,,,
489,091,8. Okt. 2020,"Thomas Trautwein, Wencke Strommenger-Obst, Dominik Osteroth, Lena Monreal",Klaus Otto Nagorsnik,10 Punkte,"Thomas, Wencke, Lena mit 14 + 5 Punkten",007.000 €,,,
490,092,9. Okt. 2020,"Dieter Haefke, Rita Eckmann, Jakob Fuhrmann, Sabine Nowak",Manuel Hobiger,1 Min. 50 Sek.,"Dieter, Jakob, Sabine mit 15 + 2 Punkten",011.000 €,,,
491,093,12. Okt. 2020,"Norbert Scharfenberg, Rosina Bomanns, Ulrike Olf, Tray Minh Voong",Sebastian Jacoby,1 Min. 35 Sek.,"Norbert, Ulrike, Minh mit 15 + 1 Punkten",011.500 €,,,
492,094,13. Okt. 2020,"Elena Walz, Arne Vogler, Astrid Seiffen, Thorsten Walter",,,,,,,
493,095,14. Okt. 2020,"Rainer Kilian, Gina Hesselhaus, Matthias Baier, Ingrid Clausmayer",,,,,,,
494,096,15. Okt. 2020,"Julian Wagner, Ann-Kristin Vester, Jens-Uwe Schlegel, Susanne Laukel",,,,,,,
495,097,16. Okt. 2020,"Katharina Striebich, Lennart Rademacher, Sarah Walzel, Sascha Röhling",,,,,,,
496,098,19. Okt. 2020,,,,,,,,
497,099,20. Okt. 2020,,,,,,,,
498,100,21. Okt. 2020,,,,,,,,
499,101,22. Okt. 2020,,,,,,,,
500,102,23. Okt. 2020,,,,,,,,
Radiomoderatoren 1,S3,26. Okt. 2020,,,,,,,,
Radiomoderatoren 2,S4,27. Okt. 2020,,,,,,,,
Radiomoderatoren 3,S5,28. Okt. 2020,,,,,,,,
Radiomoderatoren 4,S6,29. Okt. 2020,,,,,,,,
Radiomoderatoren 5,S7,30. Okt. 2020,,,,,,,,
501,103,2. Nov. 2020,,,,,,,,
502,104,3. Nov. 2020,,,,,,,,
503,105,4. Nov. 2020,,,,,,,,
504,106,5. Nov. 2020,,,,,,,,
505,107,6. Nov. 2020,,,,,,,,
